64	True	581	630	6	OPTIMAL	106	106.0
66	True	594	650	6	OPTIMAL	96	96.0
68	True	619	679	6	OPTIMAL	107	107.0
70	True	632	692	6	OPTIMAL	99	99.0
72	True	653	711	6	OPTIMAL	106	106.0
74	True	666	732	6	OPTIMAL	96	96.0
76	True	691	753	6	OPTIMAL	107	107.0
78	True	705	772	6	OPTIMAL	100	100.0
80	True	725	795	6	OPTIMAL	106	106.0
82	True	738	814	6	OPTIMAL	96	96.0
84	True	763	835	6	OPTIMAL	107	107.0
86	True	775	851	6	OPTIMAL	98	98.0
88	True	797	876	6	OPTIMAL	106	106.0
90	True	810	896	6	OPTIMAL	96	96.0
92	True	835	925	6	OPTIMAL	107	107.0
94	True	848	938	6	OPTIMAL	99	99.0
96	True	869	957	6	OPTIMAL	106	106.0
98	True	882	978	6	OPTIMAL	96	96.0
100	True	907	999	6	OPTIMAL	107	107.0
102	True	921	1018	6	OPTIMAL	100	100.0
104	True	941	1041	6	OPTIMAL	106	106.0
106	True	954	1060	6	OPTIMAL	96	96.0
108	True	979	1081	6	OPTIMAL	107	107.0
110	True	991	1097	6	OPTIMAL	98	98.0
112	True	1013	1122	6	OPTIMAL	106	106.0
