64	True	796	529	6	FEASIBLE	122	111.0
72	True	897	597	6	FEASIBLE	121	111.0
80	True	999	666	6	FEASIBLE	121	111.0
88	True	1099	735	6	FEASIBLE	119	111.0
66	True	816	542	6	FEASIBLE	110	100.0
74	True	916	612	6	FEASIBLE	108	100.0
82	True	1019	679	6	FEASIBLE	109	100.0
90	True	1120	748	6	FEASIBLE	108	100.0
68	True	843	560	6	FEASIBLE	117	108.0
76	True	945	629	6	FEASIBLE	117	108.0
84	True	1046	698	6	FEASIBLE	116	108.0
92	True	1149	763	6	FEASIBLE	117	109.0
70	True	865	579	6	FEASIBLE	111	102.0
78	True	969	645	6	FEASIBLE	113	102.0
86	True	1072	717	6	FEASIBLE	114	102.0
94	True	1172	780	6	FEASIBLE	112	102.0
