source	n	valid	X	retained	Delta_2_3	Delta_1_2	sha256
w-structures/tours/layoutG_n32.json	32	True	277	4	0	0	6a55b93a7ca4eac537888ac7972af8ea51c156697e182c9a0d54bf10bb74cc20
w-integrator/tours/FOLDB1_n48.json	48	True	440	29	0	0	97ea15fef2dc30a69e9c297aead8201a241e3fcaf6dca72e1c8686da09921254
w-integrator/tours/FOLDB_n48.json	48	True	495	31	0	0	50a459c6601dd96774cf284872955f89690dc258d30b7fad81ce9ac04bee2c5d
w-integrator/tours/FOLD_n48.json	48	True	551	28	0	0	a5626ce7b6c610d8f7df8eb6bba2a7451c95410509cfae41fa68ce9d5fc58890
w-integrator/tours/H16a_VerticalEdge_off0_small_n48.json	48	True	437	27	0	0	f1da65795f5feb5ddd7f8646e6070435d135f44b11c7ffaf662e8b927b29fc8e
w-integrator/tours/certificates/H16a_VerticalEdge_off0_n48.json	48	True	437	27	0	0	f1da65795f5feb5ddd7f8646e6070435d135f44b11c7ffaf662e8b927b29fc8e
w-integrator/tours/TT16_n48.json	48	True	454	17	0	0	1f881718e31a7586ec3a5f0eb28d17a59b93cf23b4ca73ef9ed0947bb4661dea
w-verifier/claim23a_clean/w-integrator/tours/TT16_n48.json	48	True	454	17	0	0	1f881718e31a7586ec3a5f0eb28d17a59b93cf23b4ca73ef9ed0947bb4661dea
w-verifier/claim23a_closeout_clean/w-integrator/tours/TT16_n48.json	48	True	454	17	0	0	1f881718e31a7586ec3a5f0eb28d17a59b93cf23b4ca73ef9ed0947bb4661dea
w-integrator/tours/H16a_VerticalEdge_off0_small_n50.json	50	True	450	32	0	0	2988959e17630263f831078759c611f1a3c2dff47b4596faee87b8cde71b8e74
w-integrator/tours/TT16_n50.json	50	True	472	20	0	0	737361bbfa0dfb5f448f6e253c83dc0c60c5a99cfc8209550626544e1aeba296
w-verifier/claim23a_clean/w-integrator/tours/TT16_n50.json	50	True	472	20	0	0	737361bbfa0dfb5f448f6e253c83dc0c60c5a99cfc8209550626544e1aeba296
w-verifier/claim23a_closeout_clean/w-integrator/tours/TT16_n50.json	50	True	472	20	0	0	737361bbfa0dfb5f448f6e253c83dc0c60c5a99cfc8209550626544e1aeba296
w-integrator/tours/H16a_VerticalEdge_off0_small_n52.json	52	True	475	30	0	0	d7f6b2edc45545061a7ac8d8295b621781c11ecbf2e8b1db00438e9114432b9a
w-integrator/tours/TT16_n52.json	52	True	494	22	0	0	34384972d775b7d24375f1425b65af5b37674939ec6b81d7966659dd67e08df0
w-verifier/claim23a_clean/w-integrator/tours/TT16_n52.json	52	True	494	22	0	0	34384972d775b7d24375f1425b65af5b37674939ec6b81d7966659dd67e08df0
w-verifier/claim23a_closeout_clean/w-integrator/tours/TT16_n52.json	52	True	494	22	0	0	34384972d775b7d24375f1425b65af5b37674939ec6b81d7966659dd67e08df0
w-integrator/tours/H16a_VerticalEdge_off0_small_n54.json	54	True	489	36	0	0	5d2f821609ef0faaeb8dda0c70a27336e7e76fc03e7bdb0013e13b8d19eca020
w-integrator/tours/TT16_n54.json	54	True	516	24	0	0	978e5df5abb433791b630b80c8bb293574e29b0529f6f93b6d073f94b013e12c
w-verifier/claim23a_clean/w-integrator/tours/TT16_n54.json	54	True	516	24	0	0	978e5df5abb433791b630b80c8bb293574e29b0529f6f93b6d073f94b013e12c
w-verifier/claim23a_closeout_clean/w-integrator/tours/TT16_n54.json	54	True	516	24	0	0	978e5df5abb433791b630b80c8bb293574e29b0529f6f93b6d073f94b013e12c
w-integrator/tours/certificates/TT16_n56.json	56	True	530	25	0	0	1b8d4200a4d82b2b64f7327b727cf478c23c98399fb96a854107886f411d12b1
w-turnsbuilder/corner_tours/baseline_n56.json	56	True	530	25	0	0	1b8d4200a4d82b2b64f7327b727cf478c23c98399fb96a854107886f411d12b1
w-turnsbuilder/corner_tours/g0_Z10_p0100_n56.json	56	True	530	25	0	0	1b8d4200a4d82b2b64f7327b727cf478c23c98399fb96a854107886f411d12b1
w-turnsbuilder/corner_tours/g0_Z12_p0100_n56.json	56	True	530	25	0	0	1b8d4200a4d82b2b64f7327b727cf478c23c98399fb96a854107886f411d12b1
w-turnsbuilder/corner_tours/g0_Z8_p0100_n56.json	56	True	530	25	0	0	1b8d4200a4d82b2b64f7327b727cf478c23c98399fb96a854107886f411d12b1
w-integrator/tours/certificates/TT16_n58.json	58	True	548	26	0	0	7dd6945f262cfbc564a8ebb542c4f9b1a032f4c918ec9db48b0a4baac2ab439f
w-turnsbuilder/corner_tours/baseline_n58.json	58	True	548	26	0	0	7dd6945f262cfbc564a8ebb542c4f9b1a032f4c918ec9db48b0a4baac2ab439f
w-turnsbuilder/corner_tours/g0_Z10_p0100_n58.json	58	True	548	26	0	0	7dd6945f262cfbc564a8ebb542c4f9b1a032f4c918ec9db48b0a4baac2ab439f
w-turnsbuilder/corner_tours/g0_Z12_p0100_n58.json	58	True	548	26	0	0	7dd6945f262cfbc564a8ebb542c4f9b1a032f4c918ec9db48b0a4baac2ab439f
w-turnsbuilder/corner_tours/g0_Z8_p0100_n58.json	58	True	548	26	0	0	7dd6945f262cfbc564a8ebb542c4f9b1a032f4c918ec9db48b0a4baac2ab439f
w-integrator/tours/certificates/TT16_n60.json	60	True	570	30	0	0	da8e3bc0c3e3da1e5e695fdd9a5b39f0a6102e8ebee886e9fdfb8275ba827b0c
w-turnsbuilder/corner_tours/baseline_n60.json	60	True	570	30	0	0	da8e3bc0c3e3da1e5e695fdd9a5b39f0a6102e8ebee886e9fdfb8275ba827b0c
w-turnsbuilder/corner_tours/g0_Z10_p0100_n60.json	60	True	570	30	0	0	da8e3bc0c3e3da1e5e695fdd9a5b39f0a6102e8ebee886e9fdfb8275ba827b0c
w-turnsbuilder/corner_tours/g0_Z12_p0100_n60.json	60	True	570	30	0	0	da8e3bc0c3e3da1e5e695fdd9a5b39f0a6102e8ebee886e9fdfb8275ba827b0c
w-turnsbuilder/corner_tours/g0_Z8_p0100_n60.json	60	True	570	30	0	0	da8e3bc0c3e3da1e5e695fdd9a5b39f0a6102e8ebee886e9fdfb8275ba827b0c
w-integrator/tours/certificates/TT16_n62.json	62	True	592	32	0	0	a1624da46069158019dc770a892f9245cb04f88a73b62db1e8a4a1c0bf351e3d
w-turnsbuilder/corner_tours/baseline_n62.json	62	True	592	32	0	0	a1624da46069158019dc770a892f9245cb04f88a73b62db1e8a4a1c0bf351e3d
w-turnsbuilder/corner_tours/g0_Z12_p0100_n62.json	62	True	592	32	0	0	a1624da46069158019dc770a892f9245cb04f88a73b62db1e8a4a1c0bf351e3d
w-turnsbuilder/corner_tours/g0_Z8_p0100_n62.json	62	True	592	32	0	0	a1624da46069158019dc770a892f9245cb04f88a73b62db1e8a4a1c0bf351e3d
w-turnsbuilder/corner_tours/g0_Z10_p0100_n62.json	62	True	597	32	0	0	14c3c004c76ab35f9edaad4ca1704886d13bc5dc01f124f0360875655fa5801c
runs/t18/T18_n64.json	64	True	796	43	0	0	0dc727e986f773589e37abdc53c3bb7568948a56e3da932eb139275a28382489
w-integrator/tours/H16a_VerticalEdge_off0_n64.json	64	True	581	51	0	0	68833f02174442d4c31a71910c88b385b381a8d69cf559fe25f8ea4f713a6065
w-integrator/tours/certificates/H16a_VerticalEdge_off0_n64.json	64	True	581	51	0	0	68833f02174442d4c31a71910c88b385b381a8d69cf559fe25f8ea4f713a6065
w-integrator/tours/H16b_VerticalEdge_off0_n64.json	64	True	578	49	0	0	1f1328ed3f3a8acc08b0d925db53aef3c6d59ce4101eb26200542a50e6ae5493
w-integrator/tours/certificates/T18_VerticalEdge_off0_n64.json	64	True	795	43	0	0	910fa5f6b23bbca061adc0858e7268f5f6a96def2c14b30581058e2919b549eb
runs/t18/T18_n66.json	66	True	816	42	0	0	5bfa867b511c71685662e9e6189aace0b21959e71a804a12ef62305f3c326302
w-integrator/tours/certificates/T18_VerticalEdge_off0_n66.json	66	True	816	42	0	0	5bfa867b511c71685662e9e6189aace0b21959e71a804a12ef62305f3c326302
w-integrator/tours/H16a_VerticalEdge_off0_n66.json	66	True	594	56	0	0	6fed625d323ce0ab65b95a8f5913befe9eac9489a9f9881a39a99440979f719c
w-integrator/tours/certificates/H16a_VerticalEdge_off0_n66.json	66	True	594	56	0	0	6fed625d323ce0ab65b95a8f5913befe9eac9489a9f9881a39a99440979f719c
w-integrator/tours/H16b_VerticalEdge_off0_n66.json	66	True	596	52	0	0	6206a85d41d69e6bdbfcfe8ba18026faff89ee6e3d4d3e58505fd6322b02fabf
runs/t18/T18_n68.json	68	True	843	48	0	0	fc6f8d9e18c99a014d38d5e59cb10b9534ca92cb57943a394c17198251ad6d9e
w-integrator/tours/H16a_VerticalEdge_off0_n68.json	68	True	619	54	0	0	642c45749930d94700dc1aa1ce96af0fef28600b0586111d176e336e452054b7
w-integrator/tours/certificates/H16a_VerticalEdge_off0_n68.json	68	True	619	54	0	0	642c45749930d94700dc1aa1ce96af0fef28600b0586111d176e336e452054b7
w-integrator/tours/H16b_VerticalEdge_off0_n68.json	68	True	616	58	0	0	102ffe0ab2fed38d35197ed94952f1407f751ff6f87bbf1e3c83ff3178973b02
w-integrator/tours/certificates/T18_VerticalEdge_off0_n68.json	68	True	843	48	0	0	4fe8b764156c58595c39bad3fd2ac188a3031acad57100ab6cdd026853903833
runs/t18/T18_n70.json	70	True	865	50	0	0	0d60ae1c481aee3b3b8c05ba3d86174113968807df8efe54f10b2ba1461625d0
w-integrator/tours/H16a_VerticalEdge_off0_n70.json	70	True	632	60	0	0	8f72b9106e96e988acf27880815ef7052b4c4e6a4be793cb35f9daec2f78495e
w-integrator/tours/certificates/H16a_VerticalEdge_off0_n70.json	70	True	632	60	0	0	8f72b9106e96e988acf27880815ef7052b4c4e6a4be793cb35f9daec2f78495e
w-integrator/tours/H16b_VerticalEdge_off0_n70.json	70	True	633	60	0	0	c91fb685f051107ec20b1ab21ed8f4f7ce057d57029de7e253dc63e1c8bef678
w-integrator/tours/certificates/T18_VerticalEdge_off0_n70.json	70	True	869	50	0	0	9d6edb4996ba905864490ed0b00177215a9a099998c981989b245e003ce8edc4
runs/t18/T18_n72.json	72	True	897	53	0	0	ed8d512fafcf7db798c1fb1d20d347014456a9797ed0a573b793a78704ce33f9
w-integrator/tours/H16a_VerticalEdge_off0_n72.json	72	True	653	61	0	0	e9e7b0b41b090be90dfa25b55e6be796a5fb880f54537dfa4b7d4bf559c58cfb
w-integrator/tours/H16b_VerticalEdge_off0_n72.json	72	True	651	63	0	0	d3c5c3a89230199750cd5eab1b692c248798f1479e5a8beab049de2e0b6494ec
w-integrator/tours/LF1_n72.json	72	True	575	77	0	0	8593d2f111bb51d0d09bcf4f99b005e16a941bb45b9ab7457efd85f4ff66d657
w-integrator/tours/LF2_n72.json	72	True	549	55	0	0	a737b922e79aa7359202cbf907fc347a33f502013844b824e1e4ad1c65beddb4
w-integrator/tours/LF3_n72.json	72	True	539	62	0	0	f546ae3b3a9b85dca31a47eb2a9df238cb1f1b4896493c8e841b9eb6c599a37e
w-integrator/tours/TT16_n72.json	72	True	682	41	0	0	ab207e1f33c524045e04f4a871d35700af079ddb43fd9cbe5341d03ca1c3c627
w-verifier/claim23a_clean/w-integrator/tours/TT16_n72.json	72	True	682	41	0	0	ab207e1f33c524045e04f4a871d35700af079ddb43fd9cbe5341d03ca1c3c627
w-verifier/claim23a_closeout_clean/w-integrator/tours/TT16_n72.json	72	True	682	41	0	0	ab207e1f33c524045e04f4a871d35700af079ddb43fd9cbe5341d03ca1c3c627
runs/t18/T18_n74.json	74	True	916	54	0	0	d4ee0eabbe9da75d1c91e7d45dbce13c9be428597e518a6cf9e62de3cf5da331
w-integrator/tours/H16a_VerticalEdge_off0_n74.json	74	True	666	66	0	0	39921da3530ade3bf865cffbaaa3202bc793be6b715502881c69aed4d9bd0acb
w-integrator/tours/H16b_VerticalEdge_off0_n74.json	74	True	666	66	0	0	cd9ff632333096f9daca04fdc71920b6334709fe7151139f72220e7c2c56c138
w-integrator/tours/LF2_n74.json	74	True	564	59	0	0	49d5094683659269933fc6cfbf8cf53327c8ad19dd6a8170f5803ae7ef269c94
w-integrator/tours/LF3_n74.json	74	True	556	64	0	0	7be67b3b42fcf0b2fa8143a8dd3adea1069695df34ef83dacd11611526d3898a
w-integrator/tours/TT16_n74.json	74	True	700	42	0	0	addcf9b686d8c3243832e9a7c45d258a7a6e4cbf4529b5002b7b285696d90438
w-verifier/claim23a_clean/w-integrator/tours/TT16_n74.json	74	True	700	42	0	0	addcf9b686d8c3243832e9a7c45d258a7a6e4cbf4529b5002b7b285696d90438
w-verifier/claim23a_closeout_clean/w-integrator/tours/TT16_n74.json	74	True	700	42	0	0	addcf9b686d8c3243832e9a7c45d258a7a6e4cbf4529b5002b7b285696d90438
runs/t18/T18_n76.json	76	True	945	58	0	0	0fb25b2ff43d4d5dc8176931de6a8a1c3de710f6374d6f23872892b777334c09
w-integrator/tours/H16a_VerticalEdge_off0_n76.json	76	True	691	68	0	0	f3901424f2bdd0935c8a8ebdebfe0edbda1e5bde5306b51481f07384ebdbf165
w-integrator/tours/H16b_VerticalEdge_off0_n76.json	76	True	688	68	0	0	0d656be874012d13d5ef4439f2a298ec3f8f6427056a8a40aad8307fce6db86d
w-integrator/tours/LF2_n76.json	76	True	578	60	0	0	6fde426df54c6d69b6c14a1e46cc89743dc2809b318a2d2ce04783ec2cce30c8
w-integrator/tours/LF3_n76.json	76	True	567	66	0	0	2992cff00911b1142a2be3f49185a1aea79916e6ae10412198ff096899585f74
w-integrator/tours/TT16_n76.json	76	True	722	46	0	0	9b7e73e7f46372e0ea6e61c5067522f900106dd6d2284643be4a14c56269ec1c
w-verifier/claim23a_clean/w-integrator/tours/TT16_n76.json	76	True	722	46	0	0	9b7e73e7f46372e0ea6e61c5067522f900106dd6d2284643be4a14c56269ec1c
w-verifier/claim23a_closeout_clean/w-integrator/tours/TT16_n76.json	76	True	722	46	0	0	9b7e73e7f46372e0ea6e61c5067522f900106dd6d2284643be4a14c56269ec1c
runs/t18/T18_n78.json	78	True	969	60	0	0	3bdd761eec75ebec6ac7038e8a02d752c8cbaa551adedf9773cd38d0d7d6121c
w-integrator/tours/H16a_VerticalEdge_off0_n78.json	78	True	705	72	0	0	d376fb146e3ef775536933b2f757a9690343994e21877f32c98a7081e3e16246
w-integrator/tours/H16b_VerticalEdge_off0_n78.json	78	True	705	72	0	0	9d9f6f5a17df33cf5ed08ef27afdca732828b939a9197fb4ce08647eff69ed54
w-integrator/tours/LF2_n78.json	78	True	592	64	0	0	f91f5be756eea5518302c43947becd1f0cf2c3ef41d5dcdde194dc78de66b2d7
w-integrator/tours/LF3_n78.json	78	True	579	70	0	0	647a32abdf47b8621884edb9245387ccd71992ad0cfacc1ca4739d64ab7f04ae
w-integrator/tours/TT16_n78.json	78	True	744	48	0	0	26c6e194c38d17fd6663fa31595652c5b6e48f07fd0dd21d19a0f924c7e7cad2
w-verifier/claim23a_clean/w-integrator/tours/TT16_n78.json	78	True	744	48	0	0	26c6e194c38d17fd6663fa31595652c5b6e48f07fd0dd21d19a0f924c7e7cad2
w-verifier/claim23a_closeout_clean/w-integrator/tours/TT16_n78.json	78	True	744	48	0	0	26c6e194c38d17fd6663fa31595652c5b6e48f07fd0dd21d19a0f924c7e7cad2
runs/t18/T18_n80.json	80	True	999	63	0	0	c62c87acb37205018493e930dc566fb1dfa7b87db1c546300d9c109f45adcece
w-integrator/tours/H16a_VerticalEdge_off0_n80.json	80	True	725	75	0	0	760378e8f140b6597f96dcd587d9d9d6b96de45fc8b1780dcc71ee52a2738039
w-integrator/tours/H16b_VerticalEdge_off0_n80.json	80	True	722	73	0	0	653944e6eab35c08a9761657c41421f714133a4e14ade56512f07f334b3dd816
runs/t18/T18_n82.json	82	True	1019	62	0	0	c43d87a8f4136e073d4edf047590ce4b4627bffe3abd9fb8d678caa0fff00192
w-integrator/tours/H16a_VerticalEdge_off0_n82.json	82	True	738	80	0	0	8be7a20c40f26c88c1ce6e224b9ce71c64052677f25f98a54aed1004616bc14f
w-integrator/tours/H16b_VerticalEdge_off0_n82.json	82	True	738	76	0	0	cefdea63c8ee50ce7b9b66e97833c0eeb80bfd6a6c5b1e190d27fe4a8c1d8178
runs/t18/T18_n84.json	84	True	1046	68	0	0	f48b65c13259c216278c1c69bf3c4babbea5a33fe9797b64909581fc9b917f73
w-integrator/tours/H16a_VerticalEdge_off0_n84.json	84	True	763	78	0	0	156c47681fc11a47176fa44b01824b0f37db8ee4daad127b669cd95bb2df24fd
w-integrator/tours/H16b_VerticalEdge_off0_n84.json	84	True	760	82	0	0	35f7f185d9cb1f67c3688c698585b7bcaaffd3b9846f7512d11ce4d6370dda00
runs/t18/T18_n86.json	86	True	1072	70	0	0	6c75be34614e2db5abef320e94e7d7d1eba9c0c7784a9fc62516c82c936738ea
w-integrator/tours/H16a_VerticalEdge_off0_n86.json	86	True	775	84	0	0	640aeafb23a6b05957036773a37a6a1dad0c478a150e2aa60996d134bcb5ec35
w-integrator/tours/H16b_VerticalEdge_off0_n86.json	86	True	776	84	0	0	6d44777c0427bace4dd5b411f60170d9d2a51d15ca922a975fc6188243b4aa43
runs/t18/T18_n88.json	88	True	1099	73	0	0	0b7788a78e1c606dda879a1494df8aacc116136e16426cdc2b8e33ba534f83fe
w-integrator/tours/H16a_VerticalEdge_off0_n88.json	88	True	797	85	0	0	0a6c5c08b9ac7dc1c5f748beb57ba1f4b4a54416395b6ea31ddfe21a53de66e1
w-integrator/tours/H16b_VerticalEdge_off0_n88.json	88	True	794	87	0	0	62ab64b37b1d7a4f00b97790d8b0a25700ccf2a72f279f1f6dccabe45ab02fa9
runs/t18/T18_n90.json	90	True	1120	74	0	0	cb886b2eccfc3f25975e16e52ec7489357dbeb992bd5bc18328aa6b543c7c7ec
w-integrator/tours/H16a_VerticalEdge_off0_n90.json	90	True	810	90	0	0	14e704ec2fb6708e0407f6cbce93aaccbf4414874930089ca9a7edf498cd4484
w-integrator/tours/H16b_VerticalEdge_off0_n90.json	90	True	812	90	0	0	a6a1cbd37b16258ee2a3ef67128098c7ff581c1c92173103adf5272cd3e51eb6
runs/t18/T18_n92.json	92	True	1149	78	0	0	fe50f14630313ea1d58e83fc78a99cd2d6dbfc8fac54400b8b6fd2a67ae40c09
w-integrator/tours/H16a_VerticalEdge_off0_n92.json	92	True	835	92	0	0	106add2e9120a92322085c9ea3ff74a241a49e6eebd3a1a4003654a402a49951
w-integrator/tours/H16b_VerticalEdge_off0_n92.json	92	True	832	92	0	0	344810439772218d003a2b5000e1e631e01ea60cc4942da74e7667ffe44e914c
runs/t18/T18_n94.json	94	True	1172	80	0	0	d83993f77703a755c59ff47f1cb27685646a12612acaac8c474d7cec17c62f12
w-integrator/tours/H16a_VerticalEdge_off0_n94.json	94	True	848	96	0	0	51d07ba11a99e2027841508d290d28acba1210d3b7606fe59f071ae11c723eaa
w-integrator/tours/H16b_VerticalEdge_off0_n94.json	94	True	849	96	0	0	d32e818456a3df3fa820c6b4adec6946924f9a406a658cba4e37e85b5939a436
w-integrator/tours/FOLD24_n96.json	96	True	720	125	0	0	07d6f2d0a98212ef177e827cce0b5a505e68bc20cfa321d46c10ddb6116f0b9a
w-integrator/tours/certificates/FOLD24_n96.json	96	True	720	125	0	0	07d6f2d0a98212ef177e827cce0b5a505e68bc20cfa321d46c10ddb6116f0b9a
w-verifier/claim20_clean/w-integrator/tours/FOLD24_n96.json	96	True	720	125	0	0	07d6f2d0a98212ef177e827cce0b5a505e68bc20cfa321d46c10ddb6116f0b9a
w-verifier/claim21_clean/w-integrator/tours/FOLD24_n96.json	96	True	720	125	0	0	07d6f2d0a98212ef177e827cce0b5a505e68bc20cfa321d46c10ddb6116f0b9a
w-verifier/claim23b_clean/w-integrator/tours/FOLD24_n96.json	96	True	720	125	0	0	07d6f2d0a98212ef177e827cce0b5a505e68bc20cfa321d46c10ddb6116f0b9a
w-verifier/claim23b_closeout_clean/w-integrator/tours/FOLD24_n96.json	96	True	720	125	0	0	07d6f2d0a98212ef177e827cce0b5a505e68bc20cfa321d46c10ddb6116f0b9a
w-integrator/tours/FOLDB1_n96.json	96	True	727	125	0	0	d5faf6edc9097cea07f8f4ba1dfc2481dc87bd5e33684c9a7346f3e15c6ff1b4
w-integrator/tours/FOLDB_n96.json	96	True	899	120	0	0	b9f606a191839308f4d6bfd2ebd43292d6187b31c660413379b132e8fa0cbacc
w-integrator/tours/FOLDP_n96.json	96	True	723	124	0	0	806e6ffc9719956e9288dbcae45bc2338f617ced30f8732f8f9105642a0bf61f
w-integrator/tours/FOLDX_n96.json	96	True	728	119	0	0	88c70a0e69a1429a9b2d8c3726af5f1db9127030d97e448f574ead2cc308b0be
w-integrator/tours/H16a_VerticalEdge_off0_n96.json	96	True	869	99	0	0	b952b6110be4cdb909ec7df447c3f1ebe9a09f9b638515ff2a91df06ecef87d9
w-integrator/tours/H16b_VerticalEdge_off0_n96.json	96	True	867	97	0	0	183079bad4852114f362c4e9c296e1dabe5f4ebf5adbd9d283d30eaf9a1d360a
w-integrator/tours/LF1_n96.json	96	True	763	121	0	0	2f4c7bcf56eb013a27b09f85dbe1affc395eba34cef70ff8e594f905e4474128
w-integrator/tours/LF2_n96.json	96	True	725	87	0	0	f7127d5273761234522fea424d769f210d9d137a9263809317179ae168f0f2da
w-integrator/tours/LF3_n96.json	96	True	712	95	0	0	f03d2b3731c4abab3542538700a6e0c5e8f7ec6ef518198771edcaa74cd959b1
w-integrator/tours/LF4_n96.json	96	True	707	103	0	0	f4da8751820216747455ac3bfc54153dcaeaf996fcee87abd846d9f441642119
w-integrator/tours/TT16_n96.json	96	True	910	65	0	0	656d510c0ccc15bc533c3800362e852d845a8b643f6b6acd1088a69ac0f39d03
w-verifier/claim23a_clean/w-integrator/tours/TT16_n96.json	96	True	910	65	0	0	656d510c0ccc15bc533c3800362e852d845a8b643f6b6acd1088a69ac0f39d03
w-verifier/claim23a_closeout_clean/w-integrator/tours/TT16_n96.json	96	True	910	65	0	0	656d510c0ccc15bc533c3800362e852d845a8b643f6b6acd1088a69ac0f39d03
w-integrator/tours/FOLD24_n98.json	98	True	752	124	0	0	cdb2279e8ce8d7cfc6289811149a98c17c8779c6bd2e543afa566c2464a41fbe
w-integrator/tours/certificates/FOLD24_n98.json	98	True	752	124	0	0	cdb2279e8ce8d7cfc6289811149a98c17c8779c6bd2e543afa566c2464a41fbe
w-verifier/claim21_clean/w-integrator/tours/FOLD24_n98.json	98	True	752	124	0	0	cdb2279e8ce8d7cfc6289811149a98c17c8779c6bd2e543afa566c2464a41fbe
w-verifier/claim23b_clean/w-integrator/tours/FOLD24_n98.json	98	True	752	124	0	0	cdb2279e8ce8d7cfc6289811149a98c17c8779c6bd2e543afa566c2464a41fbe
w-verifier/claim23b_closeout_clean/w-integrator/tours/FOLD24_n98.json	98	True	752	124	0	0	cdb2279e8ce8d7cfc6289811149a98c17c8779c6bd2e543afa566c2464a41fbe
w-integrator/tours/FOLDX_n98.json	98	True	762	125	0	0	51ae31067799de296dbb82252721f3d1c1644470d2b8795c6ef30b9222a92da4
w-integrator/tours/H16a_VerticalEdge_off0_n98.json	98	True	882	104	0	0	70bb567f5550a1851759cf842fe45ce7bb1ff369078d2ba2fc34dcdb75c4c737
w-integrator/tours/H16b_VerticalEdge_off0_n98.json	98	True	882	100	0	0	547e27f5d1e0c5deef3eeb24ffdbb2cd4da8279049f6f0aa1a5af7b5ff32c85c
w-integrator/tours/LF4_n98.json	98	True	721	107	0	0	ddab272158d1521feb30cb008df1911d2a3f5758610a31cd9b8da75222bc44cb
w-integrator/tours/FOLD24_n100.json	100	True	775	127	0	0	a34186ae434dc6d761c8ee2bb3fd2881d4b581abb522cacfde0c5f25b873eeb2
w-integrator/tours/certificates/FOLD24_n100.json	100	True	775	127	0	0	a34186ae434dc6d761c8ee2bb3fd2881d4b581abb522cacfde0c5f25b873eeb2
w-verifier/claim21_clean/w-integrator/tours/FOLD24_n100.json	100	True	775	127	0	0	a34186ae434dc6d761c8ee2bb3fd2881d4b581abb522cacfde0c5f25b873eeb2
w-verifier/claim23b_clean/w-integrator/tours/FOLD24_n100.json	100	True	775	127	0	0	a34186ae434dc6d761c8ee2bb3fd2881d4b581abb522cacfde0c5f25b873eeb2
w-verifier/claim23b_closeout_clean/w-integrator/tours/FOLD24_n100.json	100	True	775	127	0	0	a34186ae434dc6d761c8ee2bb3fd2881d4b581abb522cacfde0c5f25b873eeb2
w-integrator/tours/FOLDX_n100.json	100	True	756	129	0	0	86f9b0f06f4efd06e6c7f3de55a1b5e571e8bf3ae17267bbc9b7355eb59e1ade
w-integrator/tours/H16a_VerticalEdge_off0_n100.json	100	True	907	102	0	0	73ed830aef90811c44c4579672f093f5421491197d38aed31c1e848f386e5645
w-integrator/tours/H16b_VerticalEdge_off0_n100.json	100	True	904	106	0	0	1c4a16f0ef77d6542532862b1fe37311579687bab5dfe8e111bc02caaf73f587
w-integrator/tours/LF4_n100.json	100	True	738	109	0	0	b69c31fc33f13ae775c9009cfa0f83b4d3d078aa216833e93711d4ed263366da
w-integrator/tours/FOLD24_n102.json	102	True	754	136	0	0	93009960262a43ecf7b44ff62e99a12272b773491ef19772bcc6a9fe9e42bbd1
w-integrator/tours/certificates/FOLD24_n102.json	102	True	754	136	0	0	93009960262a43ecf7b44ff62e99a12272b773491ef19772bcc6a9fe9e42bbd1
w-verifier/claim21_clean/w-integrator/tours/FOLD24_n102.json	102	True	754	136	0	0	93009960262a43ecf7b44ff62e99a12272b773491ef19772bcc6a9fe9e42bbd1
w-verifier/claim23b_clean/w-integrator/tours/FOLD24_n102.json	102	True	754	136	0	0	93009960262a43ecf7b44ff62e99a12272b773491ef19772bcc6a9fe9e42bbd1
w-verifier/claim23b_closeout_clean/w-integrator/tours/FOLD24_n102.json	102	True	754	136	0	0	93009960262a43ecf7b44ff62e99a12272b773491ef19772bcc6a9fe9e42bbd1
w-integrator/tours/FOLDX_n102.json	102	True	794	130	0	0	d66638970011af8ebe4f80858c8a37ce9d016934c036e56d0cc2d8ade0b30f66
w-integrator/tours/H16a_VerticalEdge_off0_n102.json	102	True	921	108	0	0	c4d337d565baf8751c2d098c1d29d06493c4981ed0f960e2ef037c294b660850
w-integrator/tours/H16b_VerticalEdge_off0_n102.json	102	True	921	108	0	0	e0786ad4452d914a25c4c58e9334a615bf2be4de8ffc72a611cecf1b42dcd495
w-integrator/tours/LF4_n102.json	102	True	751	114	0	0	49855b118ecef44924471be90cc69e02a65f0b39136e481eaa482831f830f85e
w-integrator/tours/FOLD24_n104.json	104	True	776	139	0	0	4072ec6ada89d7d083adb1d2366cbb412da684d4f457302fe60a96d9c9ed9e68
w-verifier/claim21_clean/w-integrator/tours/FOLD24_n104.json	104	True	776	139	0	0	4072ec6ada89d7d083adb1d2366cbb412da684d4f457302fe60a96d9c9ed9e68
w-verifier/claim23b_clean/w-integrator/tours/FOLD24_n104.json	104	True	776	139	0	0	4072ec6ada89d7d083adb1d2366cbb412da684d4f457302fe60a96d9c9ed9e68
w-verifier/claim23b_closeout_clean/w-integrator/tours/FOLD24_n104.json	104	True	776	139	0	0	4072ec6ada89d7d083adb1d2366cbb412da684d4f457302fe60a96d9c9ed9e68
w-integrator/tours/FOLDX_n104.json	104	True	784	140	0	0	2ef5bba6898b97ab4366f9dfe4114f80a442a32113015b7459797d57f1a14feb
w-integrator/tours/H16a_VerticalEdge_off0_n104.json	104	True	941	109	0	0	1ab53ce3c1cf48344680a224e8b1aa333bbaeae596bb1d7d6dc736a475f865b4
w-integrator/tours/H16b_VerticalEdge_off0_n104.json	104	True	938	111	0	0	b6eaa2e67b1fc9fbf177ec5a173042ba6e9bbf57596d91da836b8f09f86ef3e3
w-integrator/tours/LF5_n104.json	104	True	757	106	0	0	21ebd897aa37b4ce2de3274341feb260ccf303afa5ee00fc986f1d740a88893c
w-turnstheory/lf-built/LF4_n104.json	104	True	793	118	0	0	8911514114a9311bc35c63b609c91a03ca944bbc8fc11ed431e6b44ea274f5ba
w-integrator/tours/FOLD24_n106.json	106	True	786	142	0	0	8e12da68e15581da1f0c5827da3e2e271a867180a805c17d6bb825dfd36d2b20
w-verifier/claim21_clean/w-integrator/tours/FOLD24_n106.json	106	True	786	142	0	0	8e12da68e15581da1f0c5827da3e2e271a867180a805c17d6bb825dfd36d2b20
w-verifier/claim23b_clean/w-integrator/tours/FOLD24_n106.json	106	True	786	142	0	0	8e12da68e15581da1f0c5827da3e2e271a867180a805c17d6bb825dfd36d2b20
w-verifier/claim23b_closeout_clean/w-integrator/tours/FOLD24_n106.json	106	True	786	142	0	0	8e12da68e15581da1f0c5827da3e2e271a867180a805c17d6bb825dfd36d2b20
w-integrator/tours/FOLDX_n106.json	106	True	776	146	0	0	286870cf0a34e34b1e4629f0d95d01db167569ecb9f605e1532ad29f3c070d2d
w-integrator/tours/H16a_VerticalEdge_off0_n106.json	106	True	954	114	0	0	44fc577e173049b0fadf701c998cc8f3e961368b74b856af7659189d0731b05b
w-integrator/tours/H16b_VerticalEdge_off0_n106.json	106	True	954	114	0	0	c58bcc5132202c8f1f07b4d067b71961b44a76f99ecdb0040710cb6dcb403a83
w-turnstheory/lf-built/LF4_n106.json	106	True	814	122	0	0	980f253f09badc6b706ce82552f2c5ddb17a61c51348bd3b39cf7d8ea5dd975e
w-integrator/tours/FOLD24_n108.json	108	True	788	148	0	0	32b4eddcfbf7604e2fa04a917ac96bec9dbccf52b40c8c49e68f3c527a818790
w-verifier/claim21_clean/w-integrator/tours/FOLD24_n108.json	108	True	788	148	0	0	32b4eddcfbf7604e2fa04a917ac96bec9dbccf52b40c8c49e68f3c527a818790
w-verifier/claim23b_clean/w-integrator/tours/FOLD24_n108.json	108	True	788	148	0	0	32b4eddcfbf7604e2fa04a917ac96bec9dbccf52b40c8c49e68f3c527a818790
w-verifier/claim23b_closeout_clean/w-integrator/tours/FOLD24_n108.json	108	True	788	148	0	0	32b4eddcfbf7604e2fa04a917ac96bec9dbccf52b40c8c49e68f3c527a818790
w-integrator/tours/FOLDX_n108.json	108	True	793	147	0	0	d9eaf41252a86fdc37b406aac9c33b3c3c46eed4410447450a3a00afea4d0148
w-integrator/tours/H16a_VerticalEdge_off0_n108.json	108	True	979	116	0	0	f6067b3d0019e040f1afb73f52f3d4ccb7561b305157228078539f5cc05c5578
w-integrator/tours/H16b_VerticalEdge_off0_n108.json	108	True	976	116	0	0	e8281607270564ca945ce685ed14095ea62524dd6839b6142410844e0981e9fe
w-turnstheory/lf-built/LF4_n108.json	108	True	829	124	0	0	830387a94633af2fae9563c70aba936654d1456986a826de647076cd0501abfa
w-integrator/tours/FOLD24_n110.json	110	True	803	152	0	0	f7757c4495c282f6ac9bcabbb10617d3bc49e72eacb1921be425e30f104734a7
w-verifier/claim21_clean/w-integrator/tours/FOLD24_n110.json	110	True	803	152	0	0	f7757c4495c282f6ac9bcabbb10617d3bc49e72eacb1921be425e30f104734a7
w-verifier/claim23b_clean/w-integrator/tours/FOLD24_n110.json	110	True	803	152	0	0	f7757c4495c282f6ac9bcabbb10617d3bc49e72eacb1921be425e30f104734a7
w-verifier/claim23b_closeout_clean/w-integrator/tours/FOLD24_n110.json	110	True	803	152	0	0	f7757c4495c282f6ac9bcabbb10617d3bc49e72eacb1921be425e30f104734a7
w-integrator/tours/FOLDX_n110.json	110	True	838	149	0	0	0c738762dcd8db94283158cece7200ae246f3c3709c4353d757361226ac4dd59
w-integrator/tours/H16a_VerticalEdge_off0_n110.json	110	True	991	120	0	0	87c0c8b8998b81af6e70628d63cf9555406d49a33374bc918e0c11d831560bc5
w-integrator/tours/H16b_VerticalEdge_off0_n110.json	110	True	992	120	0	0	0084e1c43318aa4def56fe9aaa0caf867354debfe84ffa724c46d9485e1e864c
w-turnstheory/lf-built/LF4_n110.json	110	True	840	128	0	0	4eaf180b9d258c93a97557c8733480da0d377dc271099e2a661ede5b8c7902ac
w-integrator/tours/FOLD24_n112.json	112	True	839	154	0	0	45c34966e1ed63b3b22a59e7bbb153a9de48ce286060a7d5a6d313f5a3c6057b
w-verifier/claim21_clean/w-integrator/tours/FOLD24_n112.json	112	True	839	154	0	0	45c34966e1ed63b3b22a59e7bbb153a9de48ce286060a7d5a6d313f5a3c6057b
w-verifier/claim23b_clean/w-integrator/tours/FOLD24_n112.json	112	True	839	154	0	0	45c34966e1ed63b3b22a59e7bbb153a9de48ce286060a7d5a6d313f5a3c6057b
w-verifier/claim23b_closeout_clean/w-integrator/tours/FOLD24_n112.json	112	True	839	154	0	0	45c34966e1ed63b3b22a59e7bbb153a9de48ce286060a7d5a6d313f5a3c6057b
w-integrator/tours/H16a_VerticalEdge_off0_n112.json	112	True	1013	123	0	0	23a8d9854c99c0f582e31a1bb9ab3898ea505da02506005aadfebc50ff182a84
w-integrator/tours/H16b_VerticalEdge_off0_n112.json	112	True	1010	121	0	0	f263cefc0a16cdd80f1b6359bb69ce2fbe12a7e9b2cca7f5fc0987f441d6e855
w-integrator/tours/FOLD24_n114.json	114	True	864	153	0	0	622bf382b342dd47eb1500f0c0f5221e2521e87c1198a4fe5d3f3d6ac38068a2
w-verifier/claim21_clean/w-integrator/tours/FOLD24_n114.json	114	True	864	153	0	0	622bf382b342dd47eb1500f0c0f5221e2521e87c1198a4fe5d3f3d6ac38068a2
w-verifier/claim23b_clean/w-integrator/tours/FOLD24_n114.json	114	True	864	153	0	0	622bf382b342dd47eb1500f0c0f5221e2521e87c1198a4fe5d3f3d6ac38068a2
w-verifier/claim23b_closeout_clean/w-integrator/tours/FOLD24_n114.json	114	True	864	153	0	0	622bf382b342dd47eb1500f0c0f5221e2521e87c1198a4fe5d3f3d6ac38068a2
w-integrator/tours/FOLDX_n114.json	114	True	870	154	0	0	ba4330bf8e50d29fd4c57045a925cf11f255cd42f11b36ee869aa71ec1e5fcae
w-integrator/tours/H16a_VerticalEdge_off0_n114.json	114	True	1026	128	0	0	f3ae5e9dbd8eb7d85a0dd0b67de8f1ee082abac611ea6fb3d0d3d5dfc6494645
w-integrator/tours/FOLD24_n116.json	116	True	850	162	0	0	1e482f2701be5ede50f676c308af88046e0ef27e8a0d129e5720b6ff23ef896c
w-verifier/claim21_clean/w-integrator/tours/FOLD24_n116.json	116	True	850	162	0	0	1e482f2701be5ede50f676c308af88046e0ef27e8a0d129e5720b6ff23ef896c
w-verifier/claim23b_clean/w-integrator/tours/FOLD24_n116.json	116	True	850	162	0	0	1e482f2701be5ede50f676c308af88046e0ef27e8a0d129e5720b6ff23ef896c
w-verifier/claim23b_closeout_clean/w-integrator/tours/FOLD24_n116.json	116	True	850	162	0	0	1e482f2701be5ede50f676c308af88046e0ef27e8a0d129e5720b6ff23ef896c
w-integrator/tours/H16a_VerticalEdge_off0_n116.json	116	True	1051	126	0	0	2abd9a8a9aff0a51f7e7dee58cdbe5c2bb66da3129ab6b28c501dcdd275630cc
w-integrator/tours/FOLD24_n118.json	118	True	875	169	0	0	b47803e7d16e06264c9f30cc7b1541c64c67a7dfc20e4259d955a16f2ac70298
w-verifier/claim21_clean/w-integrator/tours/FOLD24_n118.json	118	True	875	169	0	0	b47803e7d16e06264c9f30cc7b1541c64c67a7dfc20e4259d955a16f2ac70298
w-verifier/claim23b_clean/w-integrator/tours/FOLD24_n118.json	118	True	875	169	0	0	b47803e7d16e06264c9f30cc7b1541c64c67a7dfc20e4259d955a16f2ac70298
w-verifier/claim23b_closeout_clean/w-integrator/tours/FOLD24_n118.json	118	True	875	169	0	0	b47803e7d16e06264c9f30cc7b1541c64c67a7dfc20e4259d955a16f2ac70298
w-integrator/tours/H16a_VerticalEdge_off0_n118.json	118	True	1064	132	0	0	09ab5d284436573a4c50d8a21c54b805c52c1c484cfd8cf90b3b8481c9aae3bc
w-integrator/tours/FOLD24_n120.json	120	True	872	173	0	0	7d5b8d44374772b765df2b7666aeca393dd2b0862aa0d39ea86f2811c443dce7
w-verifier/claim21_clean/w-integrator/tours/FOLD24_n120.json	120	True	872	173	0	0	7d5b8d44374772b765df2b7666aeca393dd2b0862aa0d39ea86f2811c443dce7
w-verifier/claim23b_clean/w-integrator/tours/FOLD24_n120.json	120	True	872	173	0	0	7d5b8d44374772b765df2b7666aeca393dd2b0862aa0d39ea86f2811c443dce7
w-verifier/claim23b_closeout_clean/w-integrator/tours/FOLD24_n120.json	120	True	872	173	0	0	7d5b8d44374772b765df2b7666aeca393dd2b0862aa0d39ea86f2811c443dce7
w-integrator/tours/FOLDX_n120.json	120	True	880	167	0	0	1c46e62067d14ac8d4d80d87b31c000a849fa8466b348ed8161ed15a38966a1b
w-integrator/tours/H16a_VerticalEdge_off0_n120.json	120	True	1085	133	0	0	30561f7048531ac6074af62c64e04228fefaf1f5476fd00e3ed510d42b503bbe
w-integrator/tours/LF1_n120.json	120	True	951	165	1/3	0	d3f8f1aa10998936a9546f599c49bff120afc305e98b1815e0fa54a9d9bd25fa
w-integrator/tours/LF2_n120.json	120	True	901	119	1/3	0	17d26a1fc01460f330dd0d7f46abe2a9535e887898d5e42e2523b8326cff82be
w-integrator/tours/LF3_n120.json	120	True	885	132	1/3	0	8386fec49ac96a56782a849ff9af4b084506ef4abf676da059db69017dc306c5
w-integrator/tours/FOLD24_n122.json	122	True	904	172	0	0	1ea5d32035ffcfe6ae7370d22e84680278b39d7d7a2c55071fcb12d642b2d06d
w-verifier/claim21_clean/w-integrator/tours/FOLD24_n122.json	122	True	904	172	0	0	1ea5d32035ffcfe6ae7370d22e84680278b39d7d7a2c55071fcb12d642b2d06d
w-verifier/claim23b_clean/w-integrator/tours/FOLD24_n122.json	122	True	904	172	0	0	1ea5d32035ffcfe6ae7370d22e84680278b39d7d7a2c55071fcb12d642b2d06d
w-verifier/claim23b_closeout_clean/w-integrator/tours/FOLD24_n122.json	122	True	904	172	0	0	1ea5d32035ffcfe6ae7370d22e84680278b39d7d7a2c55071fcb12d642b2d06d
w-integrator/tours/FOLDX_n122.json	122	True	914	173	0	0	878aec5d28d90bb4fd72f3c269354e9419410334c1b7dcd11f4bdf8939acb8ad
w-integrator/tours/H16a_VerticalEdge_off0_n122.json	122	True	1098	138	0	0	5d125f922c8580ab64bf3dd2bed1f072bf76fbf56b685515632c597f59a3a30a
w-integrator/tours/FOLD24_n124.json	124	True	927	175	0	0	ae09f79f6b44437eb433d39fdc7f8f429365c7e180800deb17ba02b11708d11e
w-verifier/claim21_clean/w-integrator/tours/FOLD24_n124.json	124	True	927	175	0	0	ae09f79f6b44437eb433d39fdc7f8f429365c7e180800deb17ba02b11708d11e
w-verifier/claim23b_clean/w-integrator/tours/FOLD24_n124.json	124	True	927	175	0	0	ae09f79f6b44437eb433d39fdc7f8f429365c7e180800deb17ba02b11708d11e
w-verifier/claim23b_closeout_clean/w-integrator/tours/FOLD24_n124.json	124	True	927	175	0	0	ae09f79f6b44437eb433d39fdc7f8f429365c7e180800deb17ba02b11708d11e
w-integrator/tours/FOLDX_n124.json	124	True	908	177	0	0	77a430c0d1bacd440aa90b5885cb1c80e858e67e5d905122cd251975a796f2f8
w-integrator/tours/H16a_VerticalEdge_off0_n124.json	124	True	1123	140	0	0	f9eb7e789162c18db4abf2e647571787c4bc6a708eb9d3bc0ee6ec82d0f81543
w-integrator/tours/FOLD24_n126.json	126	True	906	184	0	0	1d8317be43db0ee862fa8680830c90223bd53606c12d40a2fe2623af033c0c30
w-verifier/claim21_clean/w-integrator/tours/FOLD24_n126.json	126	True	906	184	0	0	1d8317be43db0ee862fa8680830c90223bd53606c12d40a2fe2623af033c0c30
w-verifier/claim23b_clean/w-integrator/tours/FOLD24_n126.json	126	True	906	184	0	0	1d8317be43db0ee862fa8680830c90223bd53606c12d40a2fe2623af033c0c30
w-verifier/claim23b_closeout_clean/w-integrator/tours/FOLD24_n126.json	126	True	906	184	0	0	1d8317be43db0ee862fa8680830c90223bd53606c12d40a2fe2623af033c0c30
w-integrator/tours/FOLDX_n126.json	126	True	946	178	0	0	8cb0b6e50ed69c086b27c1260ae02ff24405280dbfc51d57593ff32c6271fb93
w-integrator/tours/H16a_VerticalEdge_off0_n126.json	126	True	1137	144	0	0	c9e329d0923c4a055bf56c06f9af1f0233f5ebd925c30feec94c6ff9850b8281
w-integrator/tours/FOLD24_n128.json	128	True	928	187	0	0	6416dab7e7ce25686aac8561c52e7c3cf0c1142836d9443075bb85989de2ace6
w-verifier/claim21_clean/w-integrator/tours/FOLD24_n128.json	128	True	928	187	0	0	6416dab7e7ce25686aac8561c52e7c3cf0c1142836d9443075bb85989de2ace6
w-verifier/claim23b_clean/w-integrator/tours/FOLD24_n128.json	128	True	928	187	0	0	6416dab7e7ce25686aac8561c52e7c3cf0c1142836d9443075bb85989de2ace6
w-verifier/claim23b_closeout_clean/w-integrator/tours/FOLD24_n128.json	128	True	928	187	0	0	6416dab7e7ce25686aac8561c52e7c3cf0c1142836d9443075bb85989de2ace6
w-integrator/tours/FOLDX_n128.json	128	True	936	188	0	0	f474149c92068fd70663953248deeb4a9ed09aef6217be6b25ff0bd1f092b746
w-integrator/tours/H16a_VerticalEdge_off0_n128.json	128	True	1157	147	0	0	1a04f8496999b9593421fc6a033d583f54e99649c7658e99f6632fe320bae9c1
w-integrator/tours/FJOG_n130.json	130	True	1563	173	0	0	2a7bbdad9d738b954e53e7e59c105759dee55be6a098e7788782918578bb75e8
w-integrator/tours/FOLD24_n130.json	130	True	938	190	0	0	175e694a6504462beaa186243bbf8704a2a0f6d2cd127bd222c9027b34a6ee31
w-verifier/claim21_clean/w-integrator/tours/FOLD24_n130.json	130	True	938	190	0	0	175e694a6504462beaa186243bbf8704a2a0f6d2cd127bd222c9027b34a6ee31
w-verifier/claim23b_clean/w-integrator/tours/FOLD24_n130.json	130	True	938	190	0	0	175e694a6504462beaa186243bbf8704a2a0f6d2cd127bd222c9027b34a6ee31
w-verifier/claim23b_closeout_clean/w-integrator/tours/FOLD24_n130.json	130	True	938	190	0	0	175e694a6504462beaa186243bbf8704a2a0f6d2cd127bd222c9027b34a6ee31
w-integrator/tours/FOLDX_n130.json	130	True	928	194	0	0	c8b3fc2852ae60cda05e347acd3e71bac17b86052c97b0666e2333ce2da32c3a
w-integrator/tours/H16a_VerticalEdge_off0_n130.json	130	True	1170	152	0	0	06834bbfb9c6556c6da47d3861b43c7fdf01b2a82977240243370c2308a990e8
w-integrator/tours/FJOG_n132.json	132	True	1225	187	0	0	af044c728eb08726de4dde658bfd9c8ab2d54a1bfe453215af53e87d96b52a97
w-integrator/tours/FOLD24_n132.json	132	True	940	196	0	0	a751959537aa8d6fb150957e8795c7c19eba3f1d7d6de940bbf20cb4a1722bca
w-verifier/claim21_clean/w-integrator/tours/FOLD24_n132.json	132	True	940	196	0	0	a751959537aa8d6fb150957e8795c7c19eba3f1d7d6de940bbf20cb4a1722bca
w-verifier/claim23b_clean/w-integrator/tours/FOLD24_n132.json	132	True	940	196	0	0	a751959537aa8d6fb150957e8795c7c19eba3f1d7d6de940bbf20cb4a1722bca
w-verifier/claim23b_closeout_clean/w-integrator/tours/FOLD24_n132.json	132	True	940	196	0	0	a751959537aa8d6fb150957e8795c7c19eba3f1d7d6de940bbf20cb4a1722bca
w-integrator/tours/FOLDX_n132.json	132	True	945	195	0	0	02b8819ce43ea48459c11ba8bca78b76eae0138e8b827db57d5387ce61d49d60
w-integrator/tours/H16a_VerticalEdge_off0_n132.json	132	True	1195	150	0	0	3f1ba34421aadb871d305a21546dd9dde8fcd69a3171da538fb9210548433b89
w-integrator/tours/FOLD24_n134.json	134	True	955	200	0	0	4560497238f321c31baff10c7f4990a91fd82705fea0a4e08b47863fa9f4b16a
w-verifier/claim21_clean/w-integrator/tours/FOLD24_n134.json	134	True	955	200	0	0	4560497238f321c31baff10c7f4990a91fd82705fea0a4e08b47863fa9f4b16a
w-verifier/claim23b_clean/w-integrator/tours/FOLD24_n134.json	134	True	955	200	0	0	4560497238f321c31baff10c7f4990a91fd82705fea0a4e08b47863fa9f4b16a
w-verifier/claim23b_closeout_clean/w-integrator/tours/FOLD24_n134.json	134	True	955	200	0	0	4560497238f321c31baff10c7f4990a91fd82705fea0a4e08b47863fa9f4b16a
w-integrator/tours/H16a_VerticalEdge_off0_n134.json	134	True	1207	156	0	0	88f864055c6d7008380f0361145fabe11323dcef85b1b5153f324b98c5ea1605
w-integrator/tours/FOLD24_n136.json	136	True	991	202	0	0	b157840bd33b5447f628c6447908a36343be9135e79b65a5381f9304f32df293
w-verifier/claim21_clean/w-integrator/tours/FOLD24_n136.json	136	True	991	202	0	0	b157840bd33b5447f628c6447908a36343be9135e79b65a5381f9304f32df293
w-verifier/claim23b_clean/w-integrator/tours/FOLD24_n136.json	136	True	991	202	0	0	b157840bd33b5447f628c6447908a36343be9135e79b65a5381f9304f32df293
w-verifier/claim23b_closeout_clean/w-integrator/tours/FOLD24_n136.json	136	True	991	202	0	0	b157840bd33b5447f628c6447908a36343be9135e79b65a5381f9304f32df293
w-integrator/tours/H16a_VerticalEdge_off0_n136.json	136	True	1229	157	0	0	b9c9bfc4dc72e1710d2d4cf9e1d5545fc1199716c9b56688ec7f3f4b488285bf
w-integrator/tours/FOLD24_n138.json	138	True	1016	201	0	0	1a05b6c765de83424da14c2ec2a7077cf766b3e93ba53d695d6628de4204e225
w-verifier/claim21_clean/w-integrator/tours/FOLD24_n138.json	138	True	1016	201	0	0	1a05b6c765de83424da14c2ec2a7077cf766b3e93ba53d695d6628de4204e225
w-verifier/claim23b_clean/w-integrator/tours/FOLD24_n138.json	138	True	1016	201	0	0	1a05b6c765de83424da14c2ec2a7077cf766b3e93ba53d695d6628de4204e225
w-verifier/claim23b_closeout_clean/w-integrator/tours/FOLD24_n138.json	138	True	1016	201	0	0	1a05b6c765de83424da14c2ec2a7077cf766b3e93ba53d695d6628de4204e225
w-integrator/tours/H16a_VerticalEdge_off0_n138.json	138	True	1242	162	0	0	2ad145fb680875a91408757fcd52c942cead297ed0b014367d76025790d7cf86
w-integrator/tours/FOLD24_n140.json	140	True	1002	210	0	0	e8a323a22192b359ac8b7581a7bb4dd6fa71ce591f6f469947ccd7b2cc816f08
w-verifier/claim21_clean/w-integrator/tours/FOLD24_n140.json	140	True	1002	210	0	0	e8a323a22192b359ac8b7581a7bb4dd6fa71ce591f6f469947ccd7b2cc816f08
w-verifier/claim23b_clean/w-integrator/tours/FOLD24_n140.json	140	True	1002	210	0	0	e8a323a22192b359ac8b7581a7bb4dd6fa71ce591f6f469947ccd7b2cc816f08
w-verifier/claim23b_closeout_clean/w-integrator/tours/FOLD24_n140.json	140	True	1002	210	0	0	e8a323a22192b359ac8b7581a7bb4dd6fa71ce591f6f469947ccd7b2cc816f08
w-integrator/tours/H16a_VerticalEdge_off0_n140.json	140	True	1267	164	0	0	dc2c963b413e60a841ab4f9a7ffb8c51c9bae5056fb2295749653edaac4f527d
w-integrator/tours/FOLD24_n142.json	142	True	1027	217	0	0	f03ee52e024df82978de617a768408a54a1c3b4fd9ee64302669ca02947b4356
w-verifier/claim21_clean/w-integrator/tours/FOLD24_n142.json	142	True	1027	217	0	0	f03ee52e024df82978de617a768408a54a1c3b4fd9ee64302669ca02947b4356
w-verifier/claim23b_clean/w-integrator/tours/FOLD24_n142.json	142	True	1027	217	0	0	f03ee52e024df82978de617a768408a54a1c3b4fd9ee64302669ca02947b4356
w-verifier/claim23b_closeout_clean/w-integrator/tours/FOLD24_n142.json	142	True	1027	217	0	0	f03ee52e024df82978de617a768408a54a1c3b4fd9ee64302669ca02947b4356
w-integrator/tours/H16a_VerticalEdge_off0_n142.json	142	True	1280	168	0	0	a28940c2eb0ac29a29a9bccd51f5b6213e607d514abf1c53278ebe3bd88d593a
w-integrator/tours/FOLD24_n144.json	144	True	1024	221	0	0	da4dc59d07de43a5c1f758e5020a11ccd84c204a26df7abd2ac5feb42be67758
w-verifier/claim21_clean/w-integrator/tours/FOLD24_n144.json	144	True	1024	221	0	0	da4dc59d07de43a5c1f758e5020a11ccd84c204a26df7abd2ac5feb42be67758
w-verifier/claim23b_clean/w-integrator/tours/FOLD24_n144.json	144	True	1024	221	0	0	da4dc59d07de43a5c1f758e5020a11ccd84c204a26df7abd2ac5feb42be67758
w-verifier/claim23b_closeout_clean/w-integrator/tours/FOLD24_n144.json	144	True	1024	221	0	0	da4dc59d07de43a5c1f758e5020a11ccd84c204a26df7abd2ac5feb42be67758
w-integrator/tours/FOLDB1_n144.json	144	True	1045	215	0	0	b1009f7495799a2b46576b59686341629d53f461ccc9ae3cfee49ef0db12769d
w-integrator/tours/LF4_n144.json	144	True	1050	180	7/3	0	e05f6a8d74d389827fae3805eecbda2845e30a24f0f6e0551215f4032279f6d8
w-integrator/tours/FOLD24_n146.json	146	True	1056	220	0	0	a35bc41b8c0eba184a359bb609a20e098852cd4b177ff0322b42d25796871ad5
w-verifier/claim21_clean/w-integrator/tours/FOLD24_n146.json	146	True	1056	220	0	0	a35bc41b8c0eba184a359bb609a20e098852cd4b177ff0322b42d25796871ad5
w-verifier/claim23b_clean/w-integrator/tours/FOLD24_n146.json	146	True	1056	220	0	0	a35bc41b8c0eba184a359bb609a20e098852cd4b177ff0322b42d25796871ad5
w-verifier/claim23b_closeout_clean/w-integrator/tours/FOLD24_n146.json	146	True	1056	220	0	0	a35bc41b8c0eba184a359bb609a20e098852cd4b177ff0322b42d25796871ad5
w-integrator/tours/FOLD24_n148.json	148	True	1079	223	0	0	2bcf93f804b89e591fb77d80df792c46f1d2df9b0fd73c3e186142f6b6137772
w-verifier/claim21_clean/w-integrator/tours/FOLD24_n148.json	148	True	1079	223	0	0	2bcf93f804b89e591fb77d80df792c46f1d2df9b0fd73c3e186142f6b6137772
w-verifier/claim23b_clean/w-integrator/tours/FOLD24_n148.json	148	True	1079	223	0	0	2bcf93f804b89e591fb77d80df792c46f1d2df9b0fd73c3e186142f6b6137772
w-verifier/claim23b_closeout_clean/w-integrator/tours/FOLD24_n148.json	148	True	1079	223	0	0	2bcf93f804b89e591fb77d80df792c46f1d2df9b0fd73c3e186142f6b6137772
w-integrator/tours/FOLD24_n150.json	150	True	1058	232	0	0	5d8a8d55532f25388a9542b63ac51473cfc584860df98683f7a3b86191a931fc
w-verifier/claim21_clean/w-integrator/tours/FOLD24_n150.json	150	True	1058	232	0	0	5d8a8d55532f25388a9542b63ac51473cfc584860df98683f7a3b86191a931fc
w-verifier/claim23b_clean/w-integrator/tours/FOLD24_n150.json	150	True	1058	232	0	0	5d8a8d55532f25388a9542b63ac51473cfc584860df98683f7a3b86191a931fc
w-verifier/claim23b_closeout_clean/w-integrator/tours/FOLD24_n150.json	150	True	1058	232	0	0	5d8a8d55532f25388a9542b63ac51473cfc584860df98683f7a3b86191a931fc
w-integrator/tours/FOLD24_n152.json	152	True	1080	235	0	0	a13bc6a8bb737c458cb200105f51a625e40967865b00b2be1d03493b3e1c8fbd
w-verifier/claim21_clean/w-integrator/tours/FOLD24_n152.json	152	True	1080	235	0	0	a13bc6a8bb737c458cb200105f51a625e40967865b00b2be1d03493b3e1c8fbd
w-verifier/claim23b_clean/w-integrator/tours/FOLD24_n152.json	152	True	1080	235	0	0	a13bc6a8bb737c458cb200105f51a625e40967865b00b2be1d03493b3e1c8fbd
w-verifier/claim23b_closeout_clean/w-integrator/tours/FOLD24_n152.json	152	True	1080	235	0	0	a13bc6a8bb737c458cb200105f51a625e40967865b00b2be1d03493b3e1c8fbd
w-integrator/tours/FOLD24_n154.json	154	True	1090	238	0	0	265acbb3b0ed615d73bbd170cc0c56278ef23107abd443f89b1e493e5a669654
w-verifier/claim21_clean/w-integrator/tours/FOLD24_n154.json	154	True	1090	238	0	0	265acbb3b0ed615d73bbd170cc0c56278ef23107abd443f89b1e493e5a669654
w-verifier/claim23b_clean/w-integrator/tours/FOLD24_n154.json	154	True	1090	238	0	0	265acbb3b0ed615d73bbd170cc0c56278ef23107abd443f89b1e493e5a669654
w-verifier/claim23b_closeout_clean/w-integrator/tours/FOLD24_n154.json	154	True	1090	238	0	0	265acbb3b0ed615d73bbd170cc0c56278ef23107abd443f89b1e493e5a669654
w-integrator/tours/FOLD24_n156.json	156	True	1092	244	0	0	4b27622158ac9d7852f088832ae49486e0647f554bd7cc573471706791b8765f
w-verifier/claim21_clean/w-integrator/tours/FOLD24_n156.json	156	True	1092	244	0	0	4b27622158ac9d7852f088832ae49486e0647f554bd7cc573471706791b8765f
w-verifier/claim23b_clean/w-integrator/tours/FOLD24_n156.json	156	True	1092	244	0	0	4b27622158ac9d7852f088832ae49486e0647f554bd7cc573471706791b8765f
w-verifier/claim23b_closeout_clean/w-integrator/tours/FOLD24_n156.json	156	True	1092	244	0	0	4b27622158ac9d7852f088832ae49486e0647f554bd7cc573471706791b8765f
w-integrator/tours/LF5_n156.json	156	True	1121	181	10/3	0	6d124ce3fbc05a361e8cc272235b1bd65a4662e72e01ee765dae2292cea6eb06
w-integrator/tours/FOLD24_n158.json	158	True	1107	248	0	0	99b1398762b91462fe2df545af367772398b11c9caca61a202cdbf316fd4e61d
w-verifier/claim21_clean/w-integrator/tours/FOLD24_n158.json	158	True	1107	248	0	0	99b1398762b91462fe2df545af367772398b11c9caca61a202cdbf316fd4e61d
w-verifier/claim23b_clean/w-integrator/tours/FOLD24_n158.json	158	True	1107	248	0	0	99b1398762b91462fe2df545af367772398b11c9caca61a202cdbf316fd4e61d
w-verifier/claim23b_closeout_clean/w-integrator/tours/FOLD24_n158.json	158	True	1107	248	0	0	99b1398762b91462fe2df545af367772398b11c9caca61a202cdbf316fd4e61d
w-integrator/tours/FOLD24_n160.json	160	True	1143	250	0	0	7568025f984cbad07718b885c8469de3ffd90bafd406797e4352726278ed7ea7
w-verifier/claim21_clean/w-integrator/tours/FOLD24_n160.json	160	True	1143	250	0	0	7568025f984cbad07718b885c8469de3ffd90bafd406797e4352726278ed7ea7
w-verifier/claim23b_clean/w-integrator/tours/FOLD24_n160.json	160	True	1143	250	0	0	7568025f984cbad07718b885c8469de3ffd90bafd406797e4352726278ed7ea7
w-verifier/claim23b_closeout_clean/w-integrator/tours/FOLD24_n160.json	160	True	1143	250	0	0	7568025f984cbad07718b885c8469de3ffd90bafd406797e4352726278ed7ea7
w-integrator/tours/FOLD24_n162.json	162	True	1168	249	0	0	98e0ca21e1d8d8d5a6a07cbbc7200ca2e7d2567306eeb7700445c7514cf7eb40
w-verifier/claim21_clean/w-integrator/tours/FOLD24_n162.json	162	True	1168	249	0	0	98e0ca21e1d8d8d5a6a07cbbc7200ca2e7d2567306eeb7700445c7514cf7eb40
w-verifier/claim23b_clean/w-integrator/tours/FOLD24_n162.json	162	True	1168	249	0	0	98e0ca21e1d8d8d5a6a07cbbc7200ca2e7d2567306eeb7700445c7514cf7eb40
w-verifier/claim23b_closeout_clean/w-integrator/tours/FOLD24_n162.json	162	True	1168	249	0	0	98e0ca21e1d8d8d5a6a07cbbc7200ca2e7d2567306eeb7700445c7514cf7eb40
w-integrator/tours/FOLD24_n164.json	164	True	1154	258	0	0	9df600089cae34899b2015907dbe82eb9963ed9efe6da291e6a2a3e579f8496b
w-verifier/claim21_clean/w-integrator/tours/FOLD24_n164.json	164	True	1154	258	0	0	9df600089cae34899b2015907dbe82eb9963ed9efe6da291e6a2a3e579f8496b
w-verifier/claim23b_clean/w-integrator/tours/FOLD24_n164.json	164	True	1154	258	0	0	9df600089cae34899b2015907dbe82eb9963ed9efe6da291e6a2a3e579f8496b
w-verifier/claim23b_closeout_clean/w-integrator/tours/FOLD24_n164.json	164	True	1154	258	0	0	9df600089cae34899b2015907dbe82eb9963ed9efe6da291e6a2a3e579f8496b
gap/lowerbounds/conn/FIELD_n166_92_155.json	166	True	1240	206	0	0	0059acdc3548f87468ea85c516b4aa403764ba0cc8b6cb7870d262ea5b8938c2
w-integrator/tours/FOLD24_n166.json	166	True	1179	265	0	0	b976abb9c28da5ef49ceded82897a9b3b75eba77c5a580baab9a102b126a8ac4
w-verifier/claim21_clean/w-integrator/tours/FOLD24_n166.json	166	True	1179	265	0	0	b976abb9c28da5ef49ceded82897a9b3b75eba77c5a580baab9a102b126a8ac4
w-verifier/claim23b_clean/w-integrator/tours/FOLD24_n166.json	166	True	1179	265	0	0	b976abb9c28da5ef49ceded82897a9b3b75eba77c5a580baab9a102b126a8ac4
w-verifier/claim23b_closeout_clean/w-integrator/tours/FOLD24_n166.json	166	True	1179	265	0	0	b976abb9c28da5ef49ceded82897a9b3b75eba77c5a580baab9a102b126a8ac4
w-integrator/tours/LF5_n208.json	208	True	1486	256	8	0	e4c825c546c182b397b939ba22d75faac145c4e8bd402c0f8653873d8c39c603
w-integrator/tours/LF5_n260.json	260	True	1853	332	25/2	0	b313bcd417b32661efd9b08528a9ed11e3cd5cda2dd6c59eeb2c0091552598bf
