pool	K	residual	sample	side	row_turns	row_slack	terminal_state	zero_classes
free	8	-7	0	left	[1, 2, 1, 2]	[0, 0, 0, 0]	3045	[]
free	8	-7	0	bottom	[3, 3, 1, 3]	[0, 0, 0, 0]	25859	[]
free	8	-7	1	left	[3, 3, 2, 3]	[0, 0, 0, 0]	24847	[]
free	8	-7	1	bottom	[2, 3, 3, 2]	[0, 0, 0, 0]	23291	[]
free	8	-7	2	left	[2, 3, 2, 2]	[0, 0, 0, 0]	22279	[]
free	8	-7	2	bottom	[2, 2, 1, 4]	[0, 0, 0, 0]	16013	[1, 2]
free	8	-7	3	left	[3, 3, 2, 3]	[0, 0, 0, 0]	24847	[]
free	8	-7	3	bottom	[2, 3, 2, 4]	[0, 0, 0, 0]	25423	[]
free	8	-7	4	left	[3, 2, 1, 2]	[0, 0, 0, 0]	2901	[]
free	8	-7	4	bottom	[1, 3, 2, 3]	[0, 0, 0, 0]	6689	[1, 2]
free	8	-7	5	left	[2, 3, 1, 4]	[0, 0, 0, 0]	15847	[]
free	8	-7	5	bottom	[2, 2, 3, 3]	[0, 0, 0, 0]	21163	[]
free	8	-7	6	left	[2, 2, 2, 3]	[0, 0, 0, 0]	26513	[]
free	8	-7	6	bottom	[3, 2, 2, 3]	[0, 0, 0, 0]	6536	[1, 2]
free	8	-7	7	left	[3, 3, 2, 3]	[0, 0, 0, 0]	19379	[]
free	8	-7	7	bottom	[1, 3, 2, 2]	[0, 0, 0, 0]	4382	[]
free	8	-6	0	left	[2, 3, 3, 3]	[0, 0, 0, 0]	24847	[]
free	8	-6	0	bottom	[2, 2, 2, 3]	[0, 0, 0, 0]	24475	[]
free	8	-6	1	left	[2, 3, 1, 4]	[0, 0, 0, 0]	15847	[]
free	8	-6	1	bottom	[2, 2, 3, 2]	[0, 0, 0, 0]	23291	[]
free	8	-6	2	left	[3, 3, 2, 4]	[0, 0, 0, 0]	24847	[]
free	8	-6	2	bottom	[1, 3, 2, 4]	[0, 0, 0, 0]	6689	[1, 2]
free	8	-6	3	left	[1, 2, 3, 2]	[0, 0, 0, 0]	2121	[]
free	8	-6	3	bottom	[2, 2, 2, 3]	[0, 0, 0, 0]	1551	[]
free	8	-6	4	left	[2, 3, 3, 3]	[0, 0, 0, 0]	25099	[]
free	8	-6	4	bottom	[2, 2, 2, 4]	[0, 0, 0, 0]	15399	[]
free	8	-6	5	left	[2, 3, 2, 1]	[0, 0, 0, 0]	21587	[]
free	8	-6	5	bottom	[2, 4, 3, 4]	[0, 0, 0, 0]	21955	[]
free	8	-6	6	left	[2, 2, 2, 2]	[0, 0, 0, 0]	4493	[]
free	8	-6	6	bottom	[1, 2, 2, 2]	[0, 0, 0, 0]	1371	[1, 2]
free	8	-6	7	left	[1, 3, 2, 3]	[0, 0, 0, 0]	7511	[]
free	8	-6	7	bottom	[2, 2, 3, 3]	[0, 0, 0, 0]	23995	[1]
free	8	-5	0	left	[1, 2, 2, 3]	[0, 0, 0, 0]	3069	[]
free	8	-5	0	bottom	[3, 3, 3, 4]	[0, 0, 0, 0]	25099	[]
free	8	-5	1	left	[1, 3, 3, 3]	[0, 0, 0, 0]	12603	[]
free	8	-5	1	bottom	[3, 2, 2, 3]	[0, 0, 0, 0]	24003	[]
free	8	-5	2	left	[2, 3, 3, 3]	[0, 0, 0, 0]	21159	[]
free	8	-5	2	bottom	[2, 3, 2, 3]	[0, 0, 0, 0]	24763	[]
free	8	-5	3	left	[3, 4, 3, 3]	[0, 0, 0, 0]	31873	[]
free	8	-5	3	bottom	[3, 3, 3, 3]	[0, 0, 0, 1]	31041	[]
free	8	-5	4	left	[1, 3, 3, 3]	[0, 0, 0, 0]	16295	[]
free	8	-5	4	bottom	[3, 3, 2, 2]	[0, 0, 0, 0]	23995	[1]
free	8	-5	5	left	[3, 2, 2, 3]	[0, 0, 0, 0]	24007	[1, 2]
free	8	-5	5	bottom	[1, 3, 2, 3]	[0, 0, 0, 0]	6698	[]
free	8	-5	6	left	[3, 3, 2, 4]	[0, 0, 0, 0]	24847	[]
free	8	-5	6	bottom	[2, 3, 1, 4]	[0, 0, 0, 0]	14431	[]
free	8	-5	7	left	[2, 2, 3, 1]	[0, 1, 0, 0]	2541	[]
free	8	-5	7	bottom	[1, 3, 1, 2]	[0, 0, 0, 0]	2547	[]
free	8	-4	0	left	[3, 1, 2, 2]	[0, 0, 0, 0]	2589	[]
free	8	-4	0	bottom	[2, 3, 3, 4]	[0, 0, 0, 1]	24846	[]
free	8	-4	1	left	[2, 4, 3, 3]	[0, 0, 0, 0]	25805	[]
free	8	-4	1	bottom	[3, 4, 1, 3]	[0, 1, 0, 0]	15535	[1, 2]
free	8	-4	2	left	[2, 4, 2, 4]	[0, 1, 0, 0]	25387	[]
free	8	-4	2	bottom	[3, 3, 3, 3]	[0, 0, 0, 1]	31041	[]
free	8	-4	3	left	[3, 2, 4, 2]	[1, 0, 0, 0]	1551	[]
free	8	-4	3	bottom	[2, 4, 3, 4]	[0, 0, 0, 0]	24847	[]
free	8	-4	4	left	[2, 3, 2, 3]	[0, 0, 0, 0]	6545	[]
free	8	-4	4	bottom	[1, 3, 1, 3]	[0, 0, 0, 0]	7022	[]
free	8	-4	5	left	[3, 3, 2, 2]	[0, 0, 0, 0]	23995	[1]
free	8	-4	5	bottom	[2, 4, 2, 4]	[0, 0, 0, 0]	25207	[]
free	8	-4	6	left	[2, 2, 3, 3]	[0, 0, 0, 0]	24007	[1, 2]
free	8	-4	6	bottom	[1, 2, 3, 3]	[0, 0, 0, 1]	10026	[1, 2]
free	8	-4	7	left	[3, 3, 1, 3]	[0, 0, 0, 0]	24481	[]
free	8	-4	7	bottom	[2, 3, 3, 4]	[0, 0, 0, 1]	21955	[]
free	12	-7	0	left	[2, 3, 1, 2, 2, 1, 1, 3]	[0, 0, 0, 0, 0, 0, 0, 0]	3141	[]
free	12	-7	0	bottom	[2, 1, 3, 2, 1, 3, 1, 2]	[0, 0, 0, 0, 0, 0, 0, 0]	7799	[]
free	12	-7	1	left	[3, 1, 2, 2, 3, 1, 3, 2]	[0, 0, 0, 0, 0, 0, 0, 0]	2181	[]
free	12	-7	1	bottom	[1, 2, 2, 2, 2, 3, 2, 3]	[0, 0, 0, 0, 0, 0, 0, 0]	15959	[1, 2]
free	12	-7	2	left	[1, 2, 2, 2, 3, 2, 3, 2]	[0, 0, 0, 0, 0, 0, 0, 0]	7511	[]
free	12	-7	2	bottom	[2, 2, 2, 2, 2, 2, 2, 4]	[0, 0, 0, 0, 0, 0, 0, 0]	15932	[1, 2]
free	12	-7	3	left	[2, 2, 2, 2, 2, 2, 1, 3]	[0, 0, 0, 0, 0, 0, 0, 0]	15595	[]
free	12	-7	3	bottom	[2, 2, 2, 3, 2, 3, 3, 3]	[0, 0, 0, 0, 0, 0, 0, 0]	24847	[]
free	12	-7	4	left	[2, 2, 2, 2, 2, 2, 2, 3]	[0, 0, 0, 0, 0, 0, 0, 0]	12555	[]
free	12	-7	4	bottom	[2, 2, 2, 3, 1, 3, 1, 2]	[0, 0, 0, 0, 0, 0, 0, 0]	4484	[1, 2]
free	12	-7	5	left	[2, 3, 1, 2, 2, 2, 1, 4]	[0, 0, 0, 0, 0, 0, 0, 0]	15583	[]
free	12	-7	5	bottom	[2, 1, 3, 2, 2, 3, 3, 3]	[0, 0, 0, 0, 0, 0, 0, 0]	24847	[]
free	12	-7	6	left	[2, 2, 2, 2, 3, 2, 3, 3]	[0, 0, 0, 0, 0, 0, 0, 0]	24339	[]
free	12	-7	6	bottom	[1, 2, 2, 2, 1, 4, 2, 3]	[0, 0, 0, 0, 0, 0, 0, 0]	7478	[]
free	12	-7	7	left	[2, 2, 2, 2, 2, 2, 3, 2]	[0, 0, 0, 0, 0, 0, 0, 0]	6725	[]
free	12	-7	7	bottom	[2, 2, 2, 2, 2, 2, 2, 2]	[0, 0, 0, 0, 0, 0, 0, 0]	12559	[1, 2]
free	12	-6	0	left	[2, 3, 1, 2, 2, 2, 1, 4]	[0, 0, 0, 0, 0, 0, 0, 0]	16040	[]
free	12	-6	0	bottom	[1, 2, 2, 3, 1, 3, 2, 2]	[0, 0, 0, 0, 0, 0, 0, 0]	6698	[]
free	12	-6	1	left	[2, 3, 1, 2, 2, 2, 2, 2]	[0, 0, 0, 0, 0, 0, 0, 0]	12559	[1, 2]
free	12	-6	1	bottom	[2, 1, 3, 2, 2, 3, 3, 3]	[0, 0, 0, 0, 0, 0, 0, 0]	24847	[]
free	12	-6	2	left	[2, 2, 2, 2, 2, 3, 2, 3]	[0, 0, 0, 0, 0, 0, 0, 0]	15959	[1, 2]
free	12	-6	2	bottom	[2, 2, 3, 2, 1, 2, 2, 2]	[0, 0, 0, 0, 0, 0, 0, 0]	3069	[]
free	12	-6	3	left	[2, 3, 1, 2, 2, 2, 2, 3]	[0, 0, 0, 0, 0, 0, 0, 0]	13007	[1, 2]
free	12	-6	3	bottom	[1, 2, 2, 3, 2, 3, 3, 3]	[0, 0, 0, 0, 0, 0, 0, 0]	25135	[]
free	12	-6	4	left	[2, 3, 1, 2, 2, 2, 2, 3]	[0, 0, 0, 0, 0, 0, 0, 0]	12980	[1, 2]
free	12	-6	4	bottom	[1, 2, 2, 3, 2, 3, 3, 3]	[0, 0, 0, 0, 0, 0, 0, 0]	21931	[]
free	12	-6	5	left	[3, 2, 1, 3, 1, 2, 2, 3]	[0, 0, 0, 0, 0, 0, 0, 0]	1389	[]
free	12	-6	5	bottom	[1, 2, 2, 2, 2, 3, 2, 3]	[0, 0, 0, 0, 0, 0, 0, 0]	15399	[]
free	12	-6	6	left	[2, 2, 3, 2, 1, 3, 1, 3]	[0, 0, 0, 0, 0, 0, 0, 0]	7004	[]
free	12	-6	6	bottom	[2, 2, 2, 2, 2, 3, 2, 3]	[0, 0, 0, 0, 0, 0, 0, 0]	12715	[]
free	12	-6	7	left	[2, 3, 1, 2, 2, 2, 1, 4]	[0, 0, 0, 0, 0, 0, 0, 0]	15535	[1, 2]
free	12	-6	7	bottom	[2, 1, 3, 2, 2, 3, 3, 3]	[0, 0, 0, 0, 0, 0, 0, 0]	25099	[]
free	12	-5	0	left	[2, 1, 2, 2, 2, 3, 3, 3]	[0, 0, 0, 0, 0, 0, 0, 0]	24771	[]
free	12	-5	0	bottom	[2, 1, 3, 2, 2, 1, 2, 3]	[0, 0, 0, 0, 0, 0, 0, 0]	15543	[]
free	12	-5	1	left	[1, 1, 3, 1, 2, 3, 3, 4]	[0, 0, 0, 0, 0, 0, 0, 0]	6554	[1, 2]
free	12	-5	1	bottom	[3, 2, 2, 2, 2, 2, 2, 3]	[0, 0, 0, 0, 0, 0, 0, 0]	23995	[1]
free	12	-5	2	left	[2, 3, 1, 3, 2, 1, 3, 1]	[0, 0, 0, 0, 0, 0, 0, 0]	1377	[1, 2]
free	12	-5	2	bottom	[1, 2, 2, 1, 2, 3, 3, 2]	[0, 0, 0, 0, 0, 0, 0, 0]	6545	[]
free	12	-5	3	left	[2, 2, 2, 2, 2, 2, 3, 4]	[0, 0, 0, 0, 0, 0, 0, 0]	25625	[1]
free	12	-5	3	bottom	[1, 2, 2, 2, 2, 3, 2, 4]	[0, 0, 0, 0, 0, 0, 0, 0]	7790	[]
free	12	-5	4	left	[1, 3, 1, 2, 1, 2, 3, 3]	[0, 0, 0, 0, 0, 0, 0, 0]	4421	[1, 2]
free	12	-5	4	bottom	[2, 2, 2, 2, 2, 2, 3, 3]	[0, 0, 0, 0, 0, 0, 0, 0]	20037	[1, 2]
free	12	-5	5	left	[2, 2, 2, 2, 2, 2, 3, 3]	[0, 0, 0, 0, 0, 0, 0, 0]	20037	[1, 2]
free	12	-5	5	bottom	[1, 2, 3, 1, 3, 1, 2, 2]	[0, 0, 0, 0, 0, 0, 0, 0]	2802	[]
free	12	-5	6	left	[2, 1, 2, 2, 3, 3, 1, 3]	[0, 0, 0, 0, 0, 0, 0, 0]	15810	[]
free	12	-5	6	bottom	[2, 1, 3, 2, 2, 3, 2, 3]	[0, 0, 0, 0, 0, 0, 0, 0]	24483	[]
free	12	-5	7	left	[1, 2, 1, 3, 3, 1, 1, 2]	[0, 0, 0, 0, 0, 0, 0, 0]	None	[]
free	12	-5	7	bottom	[1, 2, 2, 2, 2, 3, 3, 3]	[0, 0, 0, 0, 0, 0, 0, 0]	24007	[1, 2]
free	12	-4	0	left	[1, 3, 3, 1, 2, 1, 3, 3]	[0, 0, 1, 0, 0, 0, 0, 0]	2901	[]
free	12	-4	0	bottom	[2, 2, 2, 2, 2, 2, 2, 3]	[0, 0, 0, 0, 0, 0, 0, 0]	24475	[]
free	12	-4	1	left	[2, 2, 2, 2, 2, 3, 2, 3]	[0, 0, 0, 0, 0, 0, 0, 0]	15932	[1, 2]
free	12	-4	1	bottom	[2, 2, 1, 4, 2, 1, 3, 2]	[0, 0, 0, 0, 0, 0, 0, 0]	1809	[1, 2]
free	12	-4	2	left	[1, 2, 1, 2, 3, 3, 2, 4]	[0, 0, 0, 0, 0, 0, 0, 0]	None	[]
free	12	-4	2	bottom	[1, 2, 2, 2, 2, 3, 3, 4]	[0, 0, 0, 0, 0, 0, 0, 0]	25625	[1]
free	12	-4	3	left	[2, 1, 3, 2, 3, 2, 3, 2]	[0, 0, 0, 0, 0, 0, 0, 0]	15447	[]
free	12	-4	3	bottom	[2, 3, 2, 2, 3, 3, 3, 2]	[0, 0, 0, 0, 0, 0, 0, 0]	31041	[]
free	12	-4	4	left	[3, 1, 3, 2, 3, 2, 3, 2]	[0, 0, 1, 0, 0, 0, 0, 0]	23291	[]
free	12	-4	4	bottom	[1, 2, 2, 2, 2, 4, 3, 3]	[0, 0, 0, 0, 0, 0, 0, 0]	24847	[]
free	12	-4	5	left	[1, 2, 2, 1, 3, 2, 2, 2]	[0, 0, 0, 0, 0, 0, 0, 0]	4493	[]
free	12	-4	5	bottom	[2, 3, 2, 2, 2, 3, 2, 2]	[0, 0, 0, 0, 0, 0, 0, 0]	1515	[]
free	12	-4	6	left	[2, 1, 2, 2, 2, 3, 2, 3]	[0, 0, 0, 0, 0, 0, 0, 0]	2859	[1, 2]
free	12	-4	6	bottom	[2, 2, 1, 1, 3, 2, 3, 3]	[0, 0, 0, 0, 0, 0, 0, 0]	26513	[]
free	12	-4	7	left	[2, 2, 2, 2, 1, 3, 3, 2]	[0, 0, 0, 0, 0, 0, 0, 0]	20652	[]
free	12	-4	7	bottom	[3, 2, 2, 1, 3, 3, 3, 3]	[0, 0, 0, 0, 0, 0, 0, 0]	25625	[1]
extend	8	-7	0	left	[2, 2, 2, 2]	[0, 0, 0, 0]	6995	[1, 2]
extend	8	-7	0	bottom	[2, 2, 2, 4]	[0, 0, 0, 0]	15391	[1, 2]
extend	8	-7	1	left	[1, 3, 2, 3]	[0, 0, 0, 0]	6689	[1, 2]
extend	8	-7	1	bottom	[2, 2, 2, 4]	[0, 0, 0, 0]	15439	[1, 2]
extend	8	-7	2	left	[1, 3, 2, 1]	[0, 0, 0, 0]	4388	[1, 2]
extend	8	-7	2	bottom	[2, 2, 1, 4]	[0, 0, 0, 0]	16013	[1, 2]
extend	8	-7	3	left	[2, 2, 2, 2]	[0, 0, 0, 0]	2529	[1, 2]
extend	8	-7	3	bottom	[2, 2, 3, 3]	[0, 0, 0, 0]	21123	[1]
extend	8	-7	4	left	[1, 3, 2, 1]	[0, 0, 0, 0]	4379	[1, 2]
extend	8	-7	4	bottom	[2, 1, 2, 3]	[0, 0, 0, 0]	2325	[1, 2]
extend	8	-7	5	left	[1, 3, 2, 3]	[0, 0, 0, 0]	7460	[1, 2]
extend	8	-7	5	bottom	[2, 2, 2, 4]	[0, 0, 0, 0]	15439	[1, 2]
extend	8	-7	6	left	[1, 3, 1, 3]	[0, 0, 0, 0]	6986	[1, 2]
extend	8	-7	6	bottom	[2, 1, 2, 3]	[0, 0, 0, 0]	2529	[1, 2]
extend	8	-7	7	left	[2, 1, 3, 2]	[0, 0, 0, 0]	2097	[1, 2]
extend	8	-7	7	bottom	[2, 2, 2, 4]	[0, 0, 0, 0]	15391	[1, 2]
extend	8	-6	0	left	[2, 1, 2, 2]	[0, 0, 0, 0]	2769	[1, 2]
extend	8	-6	0	bottom	[2, 2, 3, 4]	[0, 0, 1, 0]	24187	[1, 2]
extend	8	-6	1	left	[3, 3, 2, 3]	[0, 0, 0, 0]	25625	[1]
extend	8	-6	1	bottom	[2, 3, 2, 2]	[0, 0, 1, 0]	22195	[1, 2]
extend	8	-6	2	left	[1, 3, 1, 3]	[0, 0, 0, 0]	6995	[1, 2]
extend	8	-6	2	bottom	[2, 2, 3, 3]	[0, 0, 0, 0]	15403	[1, 2]
extend	8	-6	3	left	[2, 3, 2, 3]	[0, 0, 0, 0]	7271	[1, 2]
extend	8	-6	3	bottom	[2, 3, 3, 3]	[0, 0, 0, 0]	25625	[1]
extend	8	-6	4	left	[2, 2, 2, 2]	[0, 0, 0, 0]	7793	[1, 2]
extend	8	-6	4	bottom	[2, 2, 2, 4]	[0, 0, 0, 1]	15930	[1, 2]
extend	8	-6	5	left	[3, 3, 2, 4]	[0, 0, 0, 1]	24845	[1]
extend	8	-6	5	bottom	[1, 3, 2, 1]	[0, 0, 0, 0]	4379	[1, 2]
extend	8	-6	6	left	[2, 3, 1, 3]	[0, 0, 0, 0]	16013	[1, 2]
extend	8	-6	6	bottom	[2, 2, 3, 3]	[0, 0, 0, 1]	23279	[1, 2]
extend	8	-6	7	left	[2, 3, 3, 3]	[0, 0, 0, 1]	21927	[1, 2]
extend	8	-6	7	bottom	[2, 2, 2, 4]	[0, 0, 0, 0]	15932	[1, 2]
extend	8	-5	0	left	[1, 3, 3, 3]	[0, 0, 1, 0]	15932	[1, 2]
extend	8	-5	0	bottom	[2, 2, 3, 2]	[0, 0, 1, 0]	4379	[1, 2]
extend	8	-5	1	left	[2, 3, 2, 3]	[0, 0, 0, 0]	15391	[1, 2]
extend	8	-5	1	bottom	[2, 1, 3, 2]	[0, 0, 0, 1]	1797	[1, 2]
extend	8	-5	2	left	[2, 3, 3, 3]	[0, 0, 0, 0]	15932	[1, 2]
extend	8	-5	2	bottom	[2, 2, 2, 3]	[0, 0, 0, 0]	15403	[1, 2]
extend	8	-5	3	left	[1, 2, 3, 3]	[0, 0, 1, 0]	15930	[1, 2]
extend	8	-5	3	bottom	[2, 1, 3, 4]	[0, 0, 0, 0]	15932	[1, 2]
extend	8	-5	4	left	[2, 2, 2, 4]	[0, 0, 0, 0]	15391	[1, 2]
extend	8	-5	4	bottom	[2, 2, 3, 2]	[0, 0, 0, 1]	24327	[1, 2]
extend	8	-5	5	left	[1, 3, 3, 2]	[0, 0, 0, 0]	7989	[1, 2]
extend	8	-5	5	bottom	[2, 1, 3, 2]	[0, 0, 0, 0]	23264	[1, 2]
extend	8	-5	6	left	[1, 3, 3, 3]	[0, 0, 1, 0]	15932	[1, 2]
extend	8	-5	6	bottom	[2, 2, 1, 4]	[0, 0, 0, 1]	16004	[1, 2]
extend	8	-5	7	left	[1, 2, 2, 2]	[0, 0, 0, 0]	9363	[1, 2]
extend	8	-5	7	bottom	[2, 2, 1, 4]	[0, 0, 0, 1]	15876	[1, 2]
extend	8	-4	0	left	[2, 3, 2, 4]	[0, 0, 0, 1]	15389	[1, 2]
extend	8	-4	0	bottom	[2, 1, 3, 1]	[0, 0, 0, 0]	1377	[1, 2]
extend	8	-4	1	left	[1, 2, 2, 3]	[0, 0, 0, 0]	1659	[1, 2]
extend	8	-4	1	bottom	[2, 2, 3, 2]	[0, 0, 0, 1]	1371	[1, 2]
extend	8	-4	2	left	[2, 1, 3, 2]	[0, 0, 0, 0]	1665	[1, 2]
extend	8	-4	2	bottom	[2, 3, 3, 3]	[1, 0, 0, 0]	1803	[1, 2]
extend	8	-4	3	left	[1, 2, 3, 3]	[0, 0, 0, 0]	1801	[1, 2]
extend	8	-4	3	bottom	[2, 2, 3, 4]	[0, 0, 0, 0]	15932	[1, 2]
extend	8	-4	4	left	[1, 2, 3, 3]	[0, 0, 0, 0]	4379	[1, 2]
extend	8	-4	4	bottom	[2, 3, 2, 2]	[0, 0, 1, 0]	24571	[1, 2]
extend	8	-4	5	left	[2, 2, 2, 3]	[0, 0, 0, 0]	1731	[1, 2]
extend	8	-4	5	bottom	[2, 2, 2, 1]	[0, 0, 0, 0]	4251	[1, 2]
extend	8	-4	6	left	[3, 3, 2, 3]	[0, 1, 0, 0]	15932	[1, 2]
extend	8	-4	6	bottom	[2, 2, 2, 4]	[0, 0, 0, 0]	15959	[1, 2]
extend	8	-4	7	left	[2, 2, 2, 1]	[0, 0, 0, 0]	4415	[1, 2]
extend	8	-4	7	bottom	[2, 2, 3, 3]	[0, 0, 1, 1]	6548	[1, 2]
extend	12	-7	0	left	[2, 2, 2, 2, 2, 3, 2, 3]	[0, 0, 0, 0, 0, 0, 0, 0]	15959	[1, 2]
extend	12	-7	0	bottom	[2, 1, 2, 2, 2, 2, 3, 4]	[0, 0, 0, 0, 0, 0, 0, 0]	15932	[1, 2]
extend	12	-7	1	left	[2, 2, 2, 2, 3, 2, 3, 3]	[0, 0, 0, 0, 0, 0, 0, 0]	25625	[1]
extend	12	-7	1	bottom	[1, 2, 2, 2, 1, 4, 2, 3]	[0, 0, 0, 0, 0, 0, 0, 0]	7460	[1, 2]
extend	12	-7	2	left	[2, 2, 2, 2, 2, 3, 2, 2]	[0, 0, 0, 0, 0, 0, 0, 0]	15451	[1, 2]
extend	12	-7	2	bottom	[2, 1, 2, 2, 2, 2, 2, 4]	[0, 0, 0, 0, 0, 0, 0, 0]	15535	[1, 2]
extend	12	-7	3	left	[2, 1, 2, 2, 2, 2, 4, 4]	[0, 0, 0, 0, 0, 0, 0, 0]	23282	[1]
extend	12	-7	3	bottom	[1, 3, 1, 2, 2, 3, 2, 3]	[0, 0, 0, 0, 0, 0, 0, 0]	15391	[1, 2]
extend	12	-7	4	left	[3, 1, 2, 2, 3, 2, 3, 3]	[0, 0, 0, 0, 0, 0, 0, 0]	23995	[1]
extend	12	-7	4	bottom	[1, 2, 2, 2, 2, 3, 1, 3]	[0, 0, 0, 0, 0, 0, 0, 0]	15535	[1, 2]
extend	12	-7	5	left	[2, 1, 2, 2, 2, 2, 4, 4]	[0, 0, 0, 0, 0, 0, 0, 0]	23282	[1]
extend	12	-7	5	bottom	[2, 2, 2, 2, 2, 2, 2, 2]	[0, 0, 0, 0, 0, 0, 0, 0]	2325	[1, 2]
extend	12	-7	6	left	[1, 3, 1, 2, 2, 2, 2, 2]	[0, 0, 0, 0, 0, 0, 0, 0]	2325	[1, 2]
extend	12	-7	6	bottom	[2, 1, 2, 2, 2, 2, 3, 4]	[0, 0, 0, 0, 0, 0, 0, 0]	15959	[1, 2]
extend	12	-7	7	left	[2, 2, 3, 1, 3, 2, 1, 3]	[0, 0, 0, 0, 0, 0, 0, 0]	15535	[1, 2]
extend	12	-7	7	bottom	[2, 1, 2, 2, 2, 2, 3, 4]	[0, 0, 0, 0, 0, 0, 0, 0]	7460	[1, 2]
extend	12	-6	0	left	[2, 2, 2, 2, 2, 3, 2, 3]	[0, 0, 0, 0, 0, 0, 0, 0]	15391	[1, 2]
extend	12	-6	0	bottom	[2, 1, 2, 2, 2, 2, 4, 3]	[0, 0, 0, 0, 0, 0, 0, 1]	19279	[1, 2]
extend	12	-6	1	left	[1, 3, 1, 2, 2, 3, 2, 3]	[0, 0, 0, 1, 0, 0, 0, 0]	6878	[1, 2]
extend	12	-6	1	bottom	[2, 1, 2, 2, 2, 2, 3, 2]	[0, 0, 0, 0, 0, 0, 0, 0]	7201	[1, 2]
extend	12	-6	2	left	[2, 2, 2, 2, 2, 2, 1, 4]	[0, 0, 0, 0, 0, 0, 0, 0]	16013	[1, 2]
extend	12	-6	2	bottom	[2, 2, 2, 2, 1, 2, 3, 2]	[0, 0, 0, 0, 0, 0, 1, 0]	1680	[1, 2]
extend	12	-6	3	left	[1, 2, 2, 2, 2, 3, 2, 3]	[0, 0, 0, 0, 0, 0, 0, 0]	15932	[1, 2]
extend	12	-6	3	bottom	[2, 2, 2, 3, 3, 1, 3, 2]	[0, 0, 0, 0, 0, 0, 0, 0]	1365	[1, 2]
extend	12	-6	4	left	[1, 2, 2, 2, 1, 4, 2, 2]	[0, 0, 0, 0, 0, 0, 0, 1]	1407	[1, 2]
extend	12	-6	4	bottom	[2, 2, 2, 2, 2, 2, 2, 1]	[0, 0, 0, 0, 0, 0, 0, 0]	1380	[1, 2]
extend	12	-6	5	left	[2, 2, 2, 2, 2, 2, 2, 3]	[0, 0, 0, 0, 0, 0, 0, 0]	7126	[1, 2]
extend	12	-6	5	bottom	[1, 3, 1, 3, 1, 3, 2, 2]	[0, 0, 0, 0, 0, 0, 0, 0]	7793	[1, 2]
extend	12	-6	6	left	[2, 3, 1, 2, 2, 2, 2, 4]	[0, 0, 0, 0, 0, 0, 0, 1]	1803	[1, 2]
extend	12	-6	6	bottom	[1, 2, 2, 3, 1, 3, 1, 2]	[0, 0, 0, 0, 0, 0, 0, 0]	4484	[1, 2]
extend	12	-6	7	left	[3, 1, 2, 2, 2, 2, 2, 2]	[0, 0, 0, 0, 0, 0, 0, 0]	1371	[1, 2]
extend	12	-6	7	bottom	[1, 2, 2, 2, 2, 4, 3, 2]	[0, 0, 0, 0, 0, 0, 0, 0]	23995	[1]
extend	12	-5	0	left	[2, 3, 1, 2, 2, 1, 3, 3]	[0, 0, 0, 0, 0, 0, 0, 1]	2169	[1, 2]
extend	12	-5	0	bottom	[1, 2, 2, 3, 1, 3, 2, 3]	[0, 0, 0, 0, 0, 0, 0, 0]	6689	[1, 2]
extend	12	-5	1	left	[2, 2, 2, 2, 2, 3, 2, 3]	[0, 0, 0, 0, 0, 0, 0, 0]	15932	[1, 2]
extend	12	-5	1	bottom	[2, 1, 2, 2, 2, 2, 3, 4]	[0, 0, 0, 0, 0, 0, 0, 0]	7460	[1, 2]
extend	12	-4	0	left	[2, 1, 1, 2, 2, 3, 2, 2]	[0, 0, 0, 0, 0, 0, 0, 0]	1659	[1, 2]
extend	12	-4	0	bottom	[2, 1, 2, 1, 3, 1, 3, 2]	[0, 0, 0, 0, 0, 0, 0, 0]	1665	[1, 2]
extend	12	-4	1	left	[1, 3, 1, 1, 2, 3, 2, 3]	[0, 0, 0, 0, 0, 1, 0, 0]	4412	[1, 2]
extend	12	-4	1	bottom	[2, 1, 2, 2, 1, 2, 3, 3]	[0, 0, 0, 0, 0, 0, 1, 1]	1657	[1, 2]
extend	12	-4	2	left	[2, 2, 3, 1, 2, 2, 2, 4]	[0, 0, 0, 0, 1, 0, 0, 0]	2523	[1, 2]
extend	12	-4	2	bottom	[2, 2, 2, 2, 1, 2, 3, 1]	[0, 0, 0, 0, 0, 0, 0, 0]	1369	[1, 2]
extend	12	-4	3	left	[2, 3, 1, 2, 2, 2, 2, 4]	[0, 0, 0, 0, 0, 0, 0, 1]	15389	[1, 2]
extend	12	-4	3	bottom	[2, 3, 2, 2, 2, 2, 3, 3]	[1, 1, 0, 0, 0, 0, 0, 0]	6689	[1, 2]
extend	12	-4	4	left	[1, 2, 1, 2, 2, 3, 2, 4]	[0, 0, 0, 0, 0, 0, 0, 0]	15932	[1, 2]
extend	12	-4	4	bottom	[2, 1, 2, 2, 2, 1, 4, 2]	[0, 0, 0, 0, 0, 0, 0, 0]	1651	[1, 2]
extend	12	-4	5	left	[2, 2, 1, 2, 2, 3, 3, 2]	[0, 0, 0, 0, 0, 0, 0, 0]	1803	[1, 2]
extend	12	-4	5	bottom	[2, 2, 2, 1, 2, 2, 3, 4]	[0, 0, 0, 0, 0, 0, 0, 2]	15388	[1, 2]
extend	12	-4	6	left	[1, 2, 2, 2, 2, 2, 3, 3]	[0, 0, 0, 0, 0, 0, 0, 0]	6644	[1, 2]
extend	12	-4	6	bottom	[1, 3, 1, 2, 1, 3, 3, 4]	[0, 0, 0, 0, 0, 0, 1, 1]	1803	[1, 2]
extend	12	-4	7	left	[2, 2, 2, 2, 2, 2, 2, 2]	[0, 0, 0, 0, 0, 1, 0, 0]	1665	[1, 2]
extend	12	-4	7	bottom	[2, 1, 2, 2, 2, 1, 4, 3]	[0, 0, 0, 0, 0, 0, 0, 1]	1807	[1, 2]
